 ,Area,Perim.,BX,BY,Width,Height,Major,Minor,Angle,Circ.,Feret,FeretX,FeretY,FeretAngle,MinFeret,AR,Round,Solidity
1,0.156,1.425,48.939,1.489,0.465,0.465,0.448,0.443,146.310,0.965,0.543,527,16,120.964,0.465,1.013,0.987,0.857
2,0.208,1.611,82.992,1.954,0.465,0.558,0.580,0.456,125.291,1.000,0.671,892,21,123.690,0.465,1.272,0.786,0.906
3,1.065,3.857,52.382,2.605,1.210,1.210,1.192,1.138,98.128,0.899,1.296,568,41,68.962,1.196,1.048,0.954,0.904
4,0.268,1.797,40.007,3.629,0.651,0.465,0.685,0.499,0.000,1.000,0.709,430,40,156.801,0.465,1.372,0.729,0.939
5,0.156,1.348,54.987,4.373,0.465,0.372,0.491,0.404,0.000,1.000,0.543,591,47,149.036,0.372,1.218,0.821,0.947
6,0.320,2.246,76.014,6.234,0.837,0.558,0.959,0.425,25.036,0.798,1.006,817,73,33.690,0.499,2.256,0.443,0.881
7,0.944,3.539,26.237,7.908,1.116,1.116,1.270,0.946,128.004,0.946,1.342,284,85,123.690,1.006,1.342,0.745,0.916
8,0.390,2.301,54.987,7.908,0.744,0.651,0.882,0.562,35.497,0.925,0.989,591,92,41.186,0.645,1.569,0.637,0.928
9,0.528,2.641,11.537,13.212,0.837,0.837,0.919,0.732,42.844,0.951,1.006,126,151,56.310,0.789,1.255,0.797,0.904
10,1.480,4.678,3.908,14.607,1.303,1.582,1.620,1.164,105.368,0.850,1.657,44,158,128.157,1.198,1.392,0.718,0.902
11,0.580,2.850,31.820,16.189,0.930,0.930,1.063,0.695,40.239,0.898,1.136,342,182,34.992,0.789,1.530,0.654,0.882
12,0.078,0.976,74.153,17.398,0.372,0.279,0.365,0.272,20.301,1.000,0.416,797,189,26.565,0.279,1.340,0.746,0.857
13,0.424,2.400,36.844,18.329,0.744,0.837,0.894,0.604,52.783,0.925,0.958,397,206,60.945,0.658,1.480,0.676,0.883
14,1.472,4.756,52.568,20.004,1.582,1.396,1.684,1.113,30.465,0.818,1.790,565,226,27.897,1.193,1.514,0.661,0.902
15,0.398,2.323,28.098,21.213,0.837,0.651,0.831,0.610,22.496,0.927,0.883,302,233,18.435,0.651,1.361,0.735,0.885
16,2.865,9.874,59.173,21.213,3.442,1.768,3.172,1.150,11.158,0.369,3.751,636,245,23.385,1.510,2.757,0.363,0.660
17,0.268,1.820,81.875,22.144,0.651,0.558,0.688,0.497,19.198,1.000,0.750,880,243,29.745,0.558,1.386,0.722,0.873
18,0.139,1.293,6.327,22.702,0.372,0.465,0.467,0.378,117.990,1.000,0.543,68,244,120.964,0.372,1.234,0.810,0.889
19,0.727,3.440,4.280,23.539,1.303,0.744,1.403,0.660,6.106,0.772,1.383,46,259,19.654,0.732,2.126,0.470,0.880
20,0.320,2.323,45.217,23.725,0.651,0.837,0.943,0.432,65.042,0.746,0.958,487,264,60.945,0.499,2.183,0.458,0.822
21,1.567,4.547,43.171,24.097,1.489,1.303,1.504,1.326,173.491,0.952,1.625,464,261,156.371,1.303,1.134,0.882,0.948
22,1.420,4.492,17.212,24.656,1.489,1.303,1.519,1.190,25.338,0.884,1.708,185,277,29.358,1.287,1.276,0.784,0.911
23,0.190,1.534,63.639,24.842,0.465,0.465,0.513,0.473,22.357,1.000,0.596,684,268,141.340,0.465,1.083,0.923,0.936
24,0.225,1.611,92.575,24.935,0.558,0.465,0.582,0.492,0.000,1.000,0.624,995,269,153.435,0.465,1.184,0.845,0.929
25,0.589,2.882,37.402,27.075,1.023,0.744,1.093,0.686,19.145,0.891,1.136,402,298,34.992,0.744,1.595,0.627,0.913
26,1.324,4.284,9.955,27.168,1.489,1.116,1.486,1.134,11.414,0.907,1.548,109,303,32.735,1.116,1.310,0.763,0.933
27,0.372,2.246,25.586,27.633,0.744,0.651,0.837,0.566,28.963,0.927,0.930,275,303,36.870,0.624,1.478,0.677,0.905
28,0.788,3.353,30.982,28.098,1.116,1.023,1.291,0.777,39.983,0.880,1.342,333,311,33.690,0.855,1.661,0.602,0.905
29,0.268,1.820,63.453,29.587,0.651,0.558,0.653,0.523,19.741,1.000,0.709,682,322,23.199,0.558,1.248,0.801,0.886
30,0.978,3.748,27.540,31.913,1.396,1.023,1.382,0.901,20.122,0.875,1.503,296,351,21.801,1.023,1.533,0.652,0.893
31,0.009,0.263,55.824,32.006,0.093,0.093,0.105,0.105,0.000,1.000,0.132,600,344,135.000,0.093,1.000,1.000,1.000
32,17.322,20.883,42.798,32.471,4.838,5.024,4.923,4.480,18.869,0.499,5.793,465,403,60.141,4.838,1.099,0.910,0.832
33,0.563,3.276,55.731,32.843,0.837,1.023,1.018,0.704,114.313,0.659,1.166,600,353,118.610,0.835,1.447,0.691,0.833
34,0.130,1.370,90.156,33.960,0.465,0.465,0.430,0.384,45.000,0.869,0.501,971,370,68.199,0.458,1.119,0.893,0.789
35,0.078,1.370,90.621,33.960,0.558,0.372,0.519,0.191,29.325,0.521,0.624,974,369,26.565,0.291,2.719,0.368,0.621
36,1.437,5.105,92.668,34.332,1.954,1.116,2.054,0.891,14.795,0.693,2.060,996,378,18.435,0.989,2.305,0.434,0.876
37,0.710,3.440,58.987,35.262,1.396,0.651,1.357,0.666,6.763,0.754,1.408,634,384,7.595,0.651,2.037,0.491,0.916
38,0.130,1.370,41.961,35.448,0.465,0.465,0.446,0.370,163.997,0.869,0.526,452,381,135.000,0.441,1.205,0.830,0.769
39,0.225,1.665,53.777,36.472,0.558,0.465,0.606,0.473,17.108,1.000,0.671,578,397,33.690,0.465,1.283,0.779,0.929
40,0.087,0.976,88.760,36.658,0.372,0.279,0.369,0.299,0.000,1.000,0.416,954,394,153.435,0.279,1.236,0.809,0.909
41,0.632,2.959,88.109,38.053,1.116,0.744,1.112,0.724,12.108,0.907,1.177,947,414,18.435,0.744,1.536,0.651,0.918
42,1.446,5.282,50.056,38.146,1.582,1.675,1.863,0.988,53.140,0.651,1.936,539,427,54.782,1.248,1.886,0.530,0.807
43,0.502,2.718,65.872,38.239,0.930,0.837,1.106,0.578,36.047,0.854,1.136,708,419,34.992,0.645,1.912,0.523,0.885
44,0.303,1.983,24.283,41.868,0.651,0.558,0.717,0.538,27.804,0.968,0.800,261,455,35.538,0.558,1.331,0.751,0.921
45,0.346,2.115,41.124,43.171,0.558,0.744,0.810,0.545,69.041,0.973,0.878,443,472,57.995,0.558,1.487,0.673,0.930
46,1.047,4.043,67.733,43.264,1.396,1.023,1.465,0.910,168.076,0.805,1.503,728,467,158.199,1.023,1.609,0.622,0.886
47,0.338,2.006,59.453,44.380,0.651,0.651,0.687,0.626,45.002,1.000,0.750,639,483,29.745,0.651,1.097,0.912,0.918
48,3.108,7.210,71.920,45.124,2.419,2.140,2.575,1.536,37.713,0.751,2.573,775,506,49.399,1.600,1.676,0.597,0.883
49,2.199,6.552,47.264,45.776,2.326,1.675,2.492,1.124,30.518,0.644,2.666,508,509,29.249,1.342,2.217,0.451,0.857
50,0.900,3.594,44.938,46.241,1.210,1.023,1.360,0.843,27.268,0.876,1.420,483,506,31.608,0.898,1.614,0.620,0.912
51,1.939,5.105,70.059,46.241,1.582,1.489,1.583,1.560,34.905,0.935,1.787,756,513,51.340,1.489,1.015,0.985,0.947
52,0.121,1.162,37.681,46.985,0.372,0.372,0.397,0.389,2.771E-13,1.000,0.465,405,505,126.870,0.372,1.020,0.981,0.933
53,0.770,3.507,62.337,47.357,1.303,0.930,1.244,0.788,161.872,0.787,1.355,670,511,164.055,0.864,1.579,0.633,0.848
54,0.450,2.927,60.197,47.916,1.023,0.651,0.965,0.594,8.275,0.660,1.124,647,521,24.444,0.651,1.625,0.615,0.825
55,0.069,0.921,70.803,49.032,0.372,0.279,0.376,0.234,160.670,1.000,0.416,761,527,153.435,0.279,1.605,0.623,0.800
56,0.978,3.671,9.862,51.358,1.210,1.116,1.206,1.033,27.603,0.912,1.342,107,562,33.690,1.110,1.167,0.857,0.900
57,0.139,1.271,75.828,54.708,0.372,0.372,0.420,0.420,0.000,1.000,0.526,815,588,135.000,0.372,1.000,1.000,1.000
58,0.208,1.688,17.957,57.685,0.558,0.558,0.624,0.424,25.670,0.916,0.671,194,626,56.310,0.471,1.474,0.679,0.828
59,0.935,3.989,54.056,58.150,1.489,1.023,1.625,0.733,27.570,0.738,1.628,582,636,30.964,0.808,2.217,0.451,0.882
60,0.121,1.162,73.781,58.522,0.372,0.372,0.397,0.389,90.000,1.000,0.465,794,629,126.870,0.372,1.020,0.981,0.933
61,0.476,2.487,30.889,63.081,0.651,0.837,0.879,0.689,81.297,0.967,0.930,332,686,53.130,0.651,1.276,0.784,0.940
62,0.130,1.293,76.665,64.105,0.372,0.465,0.443,0.373,84.116,0.976,0.501,826,689,111.801,0.372,1.186,0.843,0.882
63,0.095,1.107,21.027,64.570,0.372,0.372,0.354,0.342,45.002,0.976,0.416,226,694,116.565,0.372,1.035,0.966,0.846
64,0.017,0.526,10.141,64.849,0.186,0.186,0.241,0.091,45.000,0.785,0.263,109,699,45.000,0.132,2.646,0.378,0.667
65,0.156,1.425,39.821,64.849,0.465,0.465,0.475,0.418,149.089,0.965,0.543,428,697,120.964,0.461,1.137,0.879,0.878
66,0.156,1.348,16.561,0.279,0.372,0.465,0.491,0.404,90.000,1.000,0.543,179,3,120.964,0.372,1.218,0.821,0.947
67,0.381,2.137,9.862,2.047,0.744,0.651,0.736,0.659,0.000,1.000,0.795,106,24,159.444,0.651,1.118,0.894,0.917
68,0.589,2.772,16.654,3.163,0.837,0.930,0.906,0.827,100.284,0.962,0.971,182,34,106.699,0.837,1.096,0.912,0.907
69,0.069,0.844,70.990,5.024,0.279,0.279,0.329,0.268,45.000,1.000,0.395,763,57,45.000,0.279,1.229,0.814,0.941
70,2.285,6.190,91.830,6.513,2.326,1.396,2.336,1.246,13.008,0.750,2.442,987,81,17.745,1.365,1.875,0.533,0.907
71,1.861,5.073,73.502,6.606,1.768,1.396,1.870,1.267,23.005,0.909,1.918,790,83,22.834,1.324,1.476,0.678,0.935
72,0.234,1.633,66.058,6.978,0.558,0.558,0.561,0.530,146.477,1.000,0.624,712,75,116.565,0.558,1.059,0.945,0.885
73,0.069,0.921,10.886,8.374,0.372,0.279,0.325,0.272,0.000,1.000,0.384,117,91,165.964,0.279,1.195,0.837,0.800
74,1.480,4.515,47.357,10.514,1.396,1.489,1.667,1.131,51.634,0.913,1.731,511,129,53.746,1.184,1.474,0.679,0.924
75,0.208,1.611,47.636,13.026,0.558,0.465,0.534,0.496,0.000,1.000,0.596,513,140,128.660,0.465,1.076,0.929,0.889
76,0.563,3.068,32.471,14.607,1.210,0.651,1.294,0.554,12.888,0.751,1.296,349,163,21.038,0.605,2.338,0.428,0.878
77,0.355,2.115,71.083,15.910,0.651,0.651,0.706,0.640,33.206,0.997,0.800,764,177,35.538,0.651,1.102,0.908,0.921
78,1.619,4.624,22.795,18.329,1.489,1.396,1.523,1.354,21.972,0.951,1.601,246,210,35.538,1.396,1.125,0.889,0.933
79,1.506,4.601,70.990,18.608,1.582,1.210,1.603,1.196,12.438,0.894,1.657,766,213,38.157,1.210,1.340,0.746,0.941
80,0.390,2.750,94.436,18.608,0.558,1.023,0.944,0.526,98.318,0.647,1.061,1016,200,105.255,0.558,1.795,0.557,0.826
81,0.762,3.145,62.244,19.538,1.023,0.930,1.054,0.920,0.623,0.968,1.124,669,212,155.556,0.930,1.145,0.873,0.926
82,0.320,2.060,11.072,20.469,0.651,0.651,0.668,0.611,58.386,0.948,0.750,120,227,60.255,0.651,1.094,0.914,0.881
83,0.883,3.725,6.978,22.981,1.116,1.210,1.202,0.936,51.534,0.799,1.374,77,260,61.699,1.053,1.284,0.779,0.895
84,0.970,3.616,58.150,23.632,1.303,1.023,1.256,0.983,16.201,0.932,1.332,625,262,24.775,1.023,1.278,0.782,0.907
85,0.433,2.301,49.218,24.470,0.744,0.651,0.799,0.690,15.247,1.000,0.878,529,269,32.005,0.651,1.158,0.864,0.952
86,1.610,4.865,89.318,25.121,1.768,1.210,1.799,1.139,9.811,0.855,1.828,960,278,14.744,1.186,1.580,0.633,0.919
87,1.852,5.128,79.549,25.400,1.768,1.396,1.833,1.287,24.133,0.885,1.936,856,287,35.218,1.373,1.425,0.702,0.932
88,0.641,2.904,68.757,26.423,1.023,0.837,1.013,0.805,11.835,0.954,1.089,739,290,19.983,0.837,1.259,0.794,0.908
89,2.735,7.592,69.687,26.516,2.512,2.047,2.407,1.447,21.945,0.596,2.793,749,300,29.982,1.772,1.663,0.601,0.801
90,0.693,3.199,62.523,26.982,1.116,0.837,1.216,0.725,24.416,0.850,1.293,672,298,30.256,0.791,1.677,0.596,0.909
91,0.260,1.742,91.551,27.261,0.558,0.558,0.590,0.560,0.000,1.000,0.671,984,294,146.310,0.558,1.054,0.949,0.909
92,0.476,2.400,13.119,27.726,0.837,0.744,0.848,0.715,13.515,1.000,0.916,141,304,23.962,0.744,1.187,0.843,0.909
93,2.095,6.103,89.504,29.773,2.140,1.675,2.423,1.101,29.632,0.707,2.348,963,336,33.690,1.154,2.202,0.454,0.883
94,0.069,0.844,57.127,30.796,0.279,0.279,0.329,0.268,135.000,1.000,0.395,614,331,135.000,0.279,1.229,0.814,0.941
95,1.558,5.051,58.801,32.471,1.768,1.303,1.903,1.043,26.841,0.768,1.963,633,361,31.430,1.201,1.825,0.548,0.893
96,0.511,2.641,16.003,35.355,0.930,0.744,0.930,0.699,0.366,0.920,0.971,172,383,163.301,0.744,1.331,0.751,0.881
97,1.541,5.468,18.515,36.100,2.140,1.303,2.285,0.858,22.516,0.648,2.372,199,400,25.560,1.001,2.662,0.376,0.860
98,0.753,3.244,46.799,38.426,1.116,1.023,1.243,0.771,33.247,0.899,1.293,503,423,30.256,0.846,1.613,0.620,0.892
99,3.289,8.086,71.548,39.728,2.791,1.954,2.773,1.511,9.387,0.632,2.920,770,445,22.479,1.912,1.835,0.545,0.824
100,1.160,4.175,61.499,43.543,1.489,1.116,1.595,0.926,24.161,0.836,1.677,661,479,33.690,1.030,1.723,0.580,0.908
101,1.316,4.152,34.518,44.101,1.303,1.210,1.414,1.184,32.660,0.959,1.526,371,485,37.569,1.210,1.194,0.837,0.953
102,0.606,2.959,51.451,44.380,1.116,0.744,1.117,0.691,12.989,0.870,1.177,553,483,18.435,0.744,1.616,0.619,0.897
103,1.827,5.019,52.195,52.195,1.768,1.396,1.790,1.300,31.488,0.911,1.918,561,572,22.834,1.382,1.377,0.726,0.936
104,1.065,3.857,6.327,52.754,1.396,1.023,1.400,0.969,11.446,0.899,1.444,68,574,14.931,1.022,1.445,0.692,0.908
105,0.043,0.789,51.079,52.847,0.279,0.279,0.235,0.235,0.000,0.873,0.294,550,568,108.435,0.263,1.000,1.000,0.714
106,0.450,2.378,38.891,54.056,0.837,0.651,0.866,0.662,11.027,1.000,0.916,418,587,23.962,0.651,1.308,0.765,0.929
107,0.277,1.851,79.735,55.452,0.558,0.558,0.631,0.559,38.218,1.000,0.727,857,602,50.194,0.558,1.128,0.886,0.941
108,1.255,4.383,81.224,57.406,1.396,1.396,1.707,0.936,45.687,0.821,1.778,874,632,47.121,1.039,1.823,0.549,0.887
109,0.225,1.611,69.780,58.987,0.558,0.465,0.582,0.492,0.000,1.000,0.624,750,635,153.435,0.465,1.184,0.845,0.929
110,0.779,3.199,6.885,59.825,1.116,0.837,1.159,0.856,6.928,0.957,1.210,74,650,22.620,0.837,1.355,0.738,0.938
111,1.956,5.205,57.220,60.848,1.768,1.489,1.711,1.456,12.124,0.908,1.790,615,664,8.973,1.489,1.175,0.851,0.924
112,0.234,1.665,50.800,62.988,0.558,0.465,0.600,0.496,12.492,1.000,0.671,546,681,33.690,0.465,1.210,0.826,0.947
113,0.069,0.921,2.419,63.360,0.372,0.279,0.325,0.272,0.000,1.000,0.384,26,682,165.964,0.279,1.195,0.837,0.800
114,0.242,1.742,52.940,64.756,0.558,0.558,0.608,0.507,45.001,1.000,0.671,570,702,56.310,0.558,1.199,0.834,0.889
115,2.138,5.740,62.244,2.047,1.954,1.489,2.083,1.307,24.424,0.815,2.196,670,37,36.384,1.399,1.593,0.628,0.918
116,0.026,0.526,93.226,2.791,0.186,0.186,0.220,0.150,45.000,1.000,0.263,1002,32,45.000,0.186,1.464,0.683,0.857
117,1.238,5.336,70.431,3.629,1.675,1.582,2.121,0.743,37.320,0.546,2.241,757,56,41.634,0.945,2.853,0.350,0.775
118,1.030,4.175,36.937,3.722,1.396,1.210,1.463,0.897,29.479,0.743,1.548,397,50,32.735,1.040,1.631,0.613,0.856
119,0.286,1.929,42.705,5.862,0.558,0.651,0.639,0.569,102.910,0.965,0.727,460,63,129.806,0.558,1.123,0.890,0.892
120,0.104,1.107,21.585,6.606,0.372,0.372,0.467,0.283,45.000,1.000,0.526,232,75,45.000,0.329,1.651,0.606,0.889
121,0.277,1.951,84.759,7.908,0.744,0.558,0.751,0.470,18.341,0.914,0.795,911,90,20.556,0.530,1.598,0.626,0.853
122,0.017,0.395,33.494,8.374,0.186,0.093,0.210,0.105,0.000,1.000,0.208,360,90,153.435,0.093,2.000,0.500,1.000
123,1.177,4.383,22.516,12.653,1.303,1.489,1.670,0.897,56.811,0.770,1.755,245,152,57.995,1.021,1.861,0.537,0.877
124,0.260,1.951,19.352,12.840,0.651,0.558,0.717,0.461,36.518,0.857,0.800,208,143,35.538,0.526,1.554,0.643,0.870
125,0.390,2.323,76.944,13.584,0.837,0.651,0.819,0.605,10.931,0.907,0.883,827,151,18.435,0.651,1.353,0.739,0.874
126,2.865,7.233,68.570,14.514,2.326,2.326,2.874,1.269,48.255,0.688,2.907,739,181,50.194,1.513,2.264,0.442,0.872
127,0.286,2.137,84.294,14.607,0.744,0.651,0.830,0.438,34.973,0.786,0.930,906,164,36.870,0.516,1.893,0.528,0.857
128,0.208,1.633,29.215,15.445,0.558,0.558,0.631,0.419,39.690,0.978,0.671,315,172,56.310,0.461,1.505,0.664,0.857
129,0.242,1.742,37.588,16.468,0.465,0.651,0.686,0.450,67.226,1.000,0.750,404,184,60.255,0.465,1.524,0.656,0.918
130,0.571,2.850,64.384,19.724,0.930,0.930,1.037,0.702,43.691,0.884,1.120,693,222,41.634,0.789,1.477,0.677,0.874
131,0.416,2.641,41.961,20.004,1.023,0.651,1.067,0.496,18.881,0.749,1.089,451,221,19.983,0.602,2.153,0.464,0.814
132,0.632,3.036,43.822,20.748,1.116,0.837,1.214,0.663,33.797,0.862,1.293,471,231,30.256,0.724,1.830,0.546,0.912
133,1.013,3.934,38.798,21.120,1.210,1.303,1.384,0.932,53.773,0.822,1.453,418,240,50.194,1.089,1.486,0.673,0.867
134,0.770,4.197,19.352,21.492,1.303,1.303,1.741,0.564,44.291,0.550,1.716,208,244,40.601,0.719,3.089,0.324,0.757
135,0.476,2.564,60.848,21.678,0.744,0.837,0.883,0.687,118.144,0.910,0.989,655,234,131.186,0.744,1.286,0.778,0.902
136,0.303,2.006,53.963,21.957,0.744,0.558,0.772,0.500,28.844,0.947,0.832,580,241,26.565,0.558,1.544,0.648,0.886
137,0.242,1.797,28.377,23.074,0.651,0.465,0.702,0.440,28.150,0.943,0.800,305,253,35.538,0.465,1.596,0.627,0.918
138,0.113,1.107,66.338,24.656,0.372,0.372,0.408,0.352,135.000,1.000,0.465,714,265,126.870,0.372,1.159,0.863,0.897
139,0.190,1.633,89.039,26.796,0.558,0.558,0.614,0.395,41.360,0.897,0.671,957,293,33.690,0.461,1.555,0.643,0.815
140,0.320,2.006,19.631,28.191,0.651,0.651,0.695,0.587,57.393,1.000,0.750,211,308,29.745,0.624,1.185,0.844,0.892
141,0.208,1.611,58.243,29.587,0.558,0.465,0.611,0.433,23.286,1.000,0.671,626,322,33.690,0.465,1.409,0.710,0.906
142,0.035,0.658,63.453,29.587,0.279,0.186,0.254,0.173,0.000,1.000,0.294,682,319,161.565,0.186,1.468,0.681,0.800
143,0.225,1.820,23.911,31.168,0.651,0.558,0.713,0.402,40.985,0.854,0.789,258,341,45.000,0.461,1.772,0.564,0.839
144,0.545,2.827,74.339,31.261,1.023,0.744,0.930,0.747,176.350,0.858,1.040,799,338,169.695,0.744,1.245,0.803,0.875
145,0.364,2.641,53.870,32.843,0.558,1.023,0.997,0.464,76.429,0.655,1.061,581,364,74.745,0.553,2.148,0.465,0.832
146,0.398,2.323,86.155,32.843,0.837,0.651,0.836,0.606,22.341,0.927,0.883,926,357,18.435,0.651,1.379,0.725,0.893
147,0.061,0.789,72.571,35.913,0.279,0.279,0.351,0.220,45.000,1.000,0.395,780,389,45.000,0.263,1.596,0.626,0.875
148,0.623,2.981,0.930,36.565,0.930,1.023,0.999,0.794,55.605,0.881,1.124,12,404,65.556,0.855,1.259,0.794,0.873
149,0.580,2.772,19.259,36.751,0.930,0.837,0.915,0.807,39.500,0.948,1.053,209,404,45.000,0.837,1.135,0.881,0.905
150,0.762,3.353,62.430,36.937,0.930,1.210,1.177,0.824,81.322,0.851,1.265,674,410,72.897,0.912,1.428,0.700,0.880
151,0.364,2.137,2.419,37.774,0.651,0.744,0.779,0.594,60.788,1.000,0.858,26,414,40.601,0.651,1.310,0.763,0.903
152,0.718,3.462,86.992,39.356,1.303,0.837,1.425,0.642,21.649,0.753,1.456,935,431,26.565,0.719,2.221,0.450,0.878
153,0.329,2.269,32.750,39.542,0.651,0.837,0.949,0.441,57.797,0.803,1.006,353,434,56.310,0.526,2.151,0.465,0.864
154,1.350,6.126,52.847,39.728,1.675,1.768,2.054,0.837,49.343,0.452,2.091,573,446,57.724,1.053,2.454,0.408,0.770
155,1.151,3.989,74.060,40.286,1.303,1.210,1.429,1.026,39.175,0.909,1.548,796,445,32.735,1.116,1.393,0.718,0.914
156,0.467,2.455,91.086,40.286,0.744,0.837,0.894,0.666,60.057,0.975,0.958,980,442,60.945,0.724,1.343,0.744,0.915
157,0.675,3.244,92.761,41.031,1.116,1.023,1.315,0.654,46.247,0.806,1.383,998,452,42.274,0.724,2.012,0.497,0.872
158,0.701,3.276,30.703,41.124,1.210,0.837,1.316,0.678,21.314,0.821,1.332,330,450,24.775,0.736,1.941,0.515,0.885
159,0.095,1.030,81.875,41.124,0.372,0.279,0.408,0.297,15.071,1.000,0.465,880,445,36.870,0.279,1.372,0.729,0.957
160,1.056,3.803,79.735,43.729,1.210,1.210,1.231,1.092,33.217,0.918,1.342,857,479,33.690,1.165,1.127,0.887,0.900
161,0.615,2.959,78.061,44.008,0.930,0.930,1.008,0.776,55.340,0.882,1.120,840,482,41.634,0.824,1.299,0.770,0.877
162,0.398,2.323,48.474,45.031,0.744,0.744,0.881,0.575,41.652,0.927,0.930,521,491,36.870,0.658,1.532,0.653,0.893
163,0.537,2.827,54.428,46.985,1.023,0.744,1.100,0.621,19.419,0.844,1.124,585,512,24.444,0.677,1.772,0.564,0.886
164,0.935,3.857,87.365,47.543,1.303,1.116,1.359,0.876,37.210,0.790,1.500,939,520,29.745,0.987,1.551,0.645,0.867
165,1.593,5.709,65.221,48.195,1.768,1.303,1.745,1.162,22.246,0.614,2.066,702,532,35.838,1.301,1.502,0.666,0.856
166,0.701,3.276,52.661,48.474,1.303,0.744,1.326,0.673,175.600,0.821,1.355,566,523,164.055,0.744,1.969,0.508,0.880
167,0.883,3.725,42.240,48.846,1.303,0.930,1.297,0.867,1.922,0.799,1.383,454,527,160.346,0.895,1.497,0.668,0.868
168,0.104,1.184,50.707,50.428,0.465,0.372,0.446,0.297,36.650,0.931,0.501,545,545,21.801,0.329,1.504,0.665,0.800
169,0.796,3.934,35.262,50.986,1.210,1.303,1.602,0.633,51.452,0.647,1.601,380,562,54.462,0.789,2.531,0.395,0.783
170,1.428,4.647,49.962,51.451,1.396,1.489,1.641,1.108,127.618,0.831,1.731,539,553,126.254,1.213,1.482,0.675,0.882
171,0.554,3.857,87.365,52.847,1.396,0.837,1.418,0.498,18.375,0.468,1.444,939,576,14.931,0.674,2.849,0.351,0.696
172,0.995,3.880,74.153,57.034,1.303,1.210,1.546,0.820,40.449,0.831,1.548,797,624,32.735,0.917,1.885,0.530,0.878
173,1.714,5.786,15.166,57.313,2.047,1.489,2.203,0.991,37.334,0.643,2.348,163,631,33.690,1.184,2.224,0.450,0.855
174,0.667,2.959,71.548,58.429,1.023,0.837,0.987,0.860,3.301,0.957,1.061,769,634,15.255,0.837,1.148,0.871,0.917
175,0.987,3.780,62.895,58.708,1.303,1.023,1.354,0.928,160.397,0.868,1.420,677,632,148.392,0.994,1.460,0.685,0.884
176,1.446,4.624,59.266,59.266,1.210,1.675,1.798,1.024,65.199,0.850,1.835,639,655,59.534,1.118,1.755,0.570,0.920
177,0.329,2.137,42.984,60.290,0.744,0.651,0.685,0.612,52.045,0.905,0.767,462,653,14.036,0.651,1.119,0.894,0.854
178,0.208,1.611,6.792,60.569,0.465,0.558,0.596,0.444,56.776,1.000,0.671,74,657,56.310,0.465,1.341,0.746,0.906
179,0.796,3.485,41.775,60.848,1.023,1.116,1.161,0.873,129.242,0.824,1.265,449,656,143.973,0.973,1.329,0.752,0.876
180,0.355,2.586,31.261,62.709,0.837,0.837,1.138,0.397,135.312,0.667,1.184,336,674,135.000,0.524,2.865,0.349,0.788
181,0.113,1.162,72.385,62.709,0.279,0.465,0.482,0.297,90.000,1.000,0.501,778,674,111.801,0.279,1.622,0.617,0.929
182,0.216,1.611,71.641,63.267,0.558,0.465,0.562,0.490,10.870,1.000,0.624,770,684,26.565,0.465,1.147,0.872,0.909
183,1.134,4.569,16.282,64.105,1.303,1.489,1.496,0.965,57.384,0.682,1.625,180,705,66.371,1.133,1.550,0.645,0.804
184,0.009,0.263,66.803,0.651,0.093,0.093,0.105,0.105,0.000,1.000,0.132,718,7,135.000,0.093,1.000,1.000,1.000
185,2.026,5.731,67.175,0.744,1.768,1.768,1.887,1.367,53.147,0.775,1.956,727,27,64.654,1.519,1.381,0.724,0.860
186,1.454,4.756,26.330,1.675,1.396,1.489,1.647,1.124,47.647,0.808,1.807,285,34,55.491,1.187,1.466,0.682,0.903
187,1.212,4.175,91.924,1.954,1.303,1.303,1.534,1.006,51.696,0.874,1.601,988,33,35.538,1.069,1.525,0.656,0.918
188,1.151,4.120,86.155,4.280,1.116,1.396,1.404,1.044,65.054,0.852,1.503,929,61,68.199,1.116,1.345,0.743,0.908
189,4.623,9.434,68.105,7.257,2.512,2.419,2.481,2.372,44.361,0.653,2.979,732,102,38.660,2.419,1.046,0.956,0.848
190,2.709,6.552,6.978,8.374,1.954,2.140,2.572,1.341,47.885,0.793,2.661,76,113,53.531,1.447,1.917,0.522,0.921
191,1.039,3.694,60.290,9.397,1.303,1.116,1.239,1.068,175.726,0.957,1.332,648,105,167.905,1.116,1.160,0.862,0.916
192,7.903,14.045,80.387,9.676,4.001,3.722,4.628,2.174,39.592,0.503,5.002,865,142,43.493,2.990,2.129,0.470,0.763
193,0.156,1.425,90.528,9.955,0.465,0.465,0.462,0.429,45.000,0.965,0.543,973,112,30.964,0.465,1.076,0.930,0.857
194,0.831,3.748,43.915,11.630,1.303,1.116,1.551,0.682,39.762,0.743,1.601,472,136,35.538,0.789,2.273,0.440,0.838
195,0.190,1.556,81.503,13.584,0.558,0.465,0.556,0.436,27.407,0.988,0.624,876,150,26.565,0.465,1.276,0.784,0.863
196,1.117,4.021,72.943,13.956,1.303,1.116,1.393,1.021,178.759,0.868,1.500,784,161,29.745,1.079,1.364,0.733,0.902
197,0.009,0.263,8.653,15.072,0.093,0.093,0.105,0.105,0.000,1.000,0.132,93,162,135.000,0.093,1.000,1.000,1.000
198,4.172,8.930,43.357,15.352,2.326,2.326,2.508,2.118,40.383,0.657,2.922,471,190,52.765,2.269,1.184,0.844,0.889
199,0.052,0.789,74.339,15.817,0.279,0.279,0.346,0.191,53.130,1.000,0.395,799,173,45.000,0.250,1.809,0.553,0.800
200,0.078,0.976,67.640,16.654,0.372,0.279,0.390,0.254,6.047,1.000,0.416,727,180,153.435,0.279,1.536,0.651,0.857
201,0.788,3.430,89.132,16.654,1.210,1.023,1.318,0.761,27.869,0.841,1.374,958,188,28.301,0.853,1.733,0.577,0.875
202,2.692,6.639,84.759,16.747,1.954,1.861,1.963,1.746,31.172,0.768,2.326,912,200,53.130,1.805,1.124,0.889,0.890
203,1.125,3.912,27.354,16.840,1.210,1.210,1.225,1.170,167.249,0.924,1.374,294,184,151.699,1.206,1.047,0.956,0.925
204,0.225,1.742,43.450,18.143,0.651,0.465,0.676,0.424,9.004,0.932,0.750,467,200,29.745,0.465,1.595,0.627,0.867
205,0.199,1.688,53.219,18.143,0.558,0.558,0.612,0.414,43.313,0.878,0.671,574,201,56.310,0.461,1.476,0.678,0.852
206,0.753,3.453,25.958,18.701,1.116,1.210,1.275,0.752,49.919,0.794,1.332,282,214,65.225,0.789,1.695,0.590,0.845
207,0.026,0.526,25.958,20.004,0.186,0.186,0.220,0.150,45.000,1.000,0.263,279,217,45.000,0.186,1.464,0.683,0.857
208,1.575,5.019,29.308,21.120,1.582,1.582,1.872,1.071,45.102,0.786,1.978,317,243,48.814,1.184,1.748,0.572,0.897
209,0.355,2.137,34.425,21.213,0.744,0.651,0.784,0.576,27.683,0.976,0.878,370,235,32.005,0.651,1.362,0.734,0.891
210,1.195,4.460,90.714,21.864,1.396,1.489,1.642,0.926,47.991,0.755,1.711,977,249,45.000,1.116,1.772,0.564,0.829
211,0.364,2.269,46.427,22.702,0.744,0.651,0.771,0.601,21.526,0.888,0.832,499,250,26.565,0.651,1.283,0.779,0.875
212,1.844,5.413,3.256,23.260,1.768,1.675,2.021,1.162,40.205,0.791,2.066,38,268,54.162,1.316,1.739,0.575,0.875
213,0.182,1.479,36.286,23.539,0.465,0.465,0.569,0.407,45.000,1.000,0.658,390,258,45.000,0.461,1.400,0.714,0.933
214,2.883,7.737,29.308,25.679,2.698,2.047,2.723,1.348,24.137,0.605,2.920,316,298,30.651,1.482,2.020,0.495,0.836
215,0.433,2.432,72.292,26.051,0.744,0.744,0.864,0.638,35.970,0.919,0.989,777,288,41.186,0.706,1.355,0.738,0.901
216,0.407,2.301,86.341,26.796,0.651,0.744,0.775,0.669,65.973,0.966,0.878,928,296,57.995,0.651,1.158,0.863,0.931
217,0.095,1.030,63.732,27.633,0.372,0.279,0.408,0.297,15.071,1.000,0.465,685,300,36.870,0.279,1.372,0.729,0.957
218,0.900,3.562,7.536,28.377,1.303,1.023,1.285,0.892,27.387,0.892,1.417,81,314,23.199,0.987,1.441,0.694,0.900
219,1.143,4.098,46.241,29.215,1.489,1.023,1.526,0.954,11.401,0.855,1.560,497,321,17.354,1.013,1.600,0.625,0.917
220,1.073,3.780,3.256,29.680,1.210,1.116,1.309,1.044,36.857,0.944,1.396,37,331,53.130,1.116,1.253,0.798,0.947
221,0.164,1.425,6.141,31.261,0.465,0.465,0.493,0.425,14.789,1.000,0.543,66,337,149.036,0.465,1.159,0.863,0.864
222,1.117,3.857,44.287,31.913,1.303,1.116,1.289,1.103,29.162,0.943,1.396,477,354,36.870,1.116,1.169,0.855,0.921
223,0.303,1.951,80.294,32.099,0.651,0.651,0.698,0.553,35.991,1.000,0.750,863,351,29.745,0.592,1.263,0.792,0.886
224,1.169,4.120,64.570,33.680,1.303,1.303,1.452,1.025,45.898,0.865,1.548,696,376,57.265,1.118,1.416,0.706,0.906
225,0.918,3.671,62.523,33.774,1.210,1.116,1.438,0.812,42.282,0.856,1.515,673,375,47.490,0.855,1.771,0.565,0.918
226,4.320,9.742,41.310,36.006,2.698,2.605,2.599,2.116,51.424,0.572,3.230,449,414,48.504,2.368,1.229,0.814,0.823
227,0.744,3.190,60.383,38.984,1.116,1.023,1.011,0.937,22.726,0.919,1.132,649,425,9.462,0.987,1.078,0.927,0.873
228,1.619,4.887,38.984,41.589,1.489,1.582,1.488,1.385,125.646,0.852,1.677,422,447,109.440,1.489,1.074,0.931,0.901
229,2.588,6.707,52.475,41.868,2.140,2.047,2.499,1.319,40.137,0.723,2.573,566,470,40.601,1.523,1.895,0.528,0.874
230,0.035,0.976,91.551,44.659,0.279,0.279,0.259,0.170,145.278,0.457,0.335,984,480,123.690,0.250,1.517,0.659,0.571
231,0.978,3.671,76.851,45.590,1.210,1.116,1.289,0.966,43.901,0.912,1.383,828,502,47.726,1.053,1.334,0.749,0.904
232,0.450,2.455,38.332,46.520,0.837,0.744,0.866,0.662,40.027,0.939,0.930,412,506,36.870,0.724,1.309,0.764,0.889
233,0.424,2.378,48.567,47.730,0.837,0.651,0.819,0.659,13.558,0.943,0.916,522,518,23.962,0.651,1.242,0.805,0.899
234,1.056,3.694,49.125,50.149,1.210,1.210,1.281,1.050,49.380,0.973,1.342,531,552,56.310,1.053,1.220,0.819,0.924
235,0.242,1.720,87.365,50.242,0.558,0.465,0.625,0.494,20.505,1.000,0.727,939,545,39.806,0.465,1.266,0.790,0.966
236,0.095,1.030,15.910,50.428,0.372,0.279,0.408,0.297,15.071,1.000,0.465,171,545,36.870,0.279,1.372,0.729,0.957
237,0.857,4.165,39.728,50.893,1.396,1.396,1.795,0.608,43.777,0.621,1.847,427,562,40.914,0.724,2.952,0.339,0.815
238,0.346,2.115,86.899,50.893,0.651,0.651,0.743,0.593,44.094,0.973,0.858,935,554,49.399,0.651,1.252,0.799,0.920
239,0.528,2.532,63.267,54.801,0.837,0.837,0.888,0.757,36.504,1.000,0.958,680,596,29.055,0.789,1.172,0.853,0.910
240,0.753,3.167,5.396,55.452,1.023,1.023,1.044,0.919,51.485,0.943,1.136,59,606,34.992,0.987,1.136,0.880,0.897
241,0.718,3.090,52.940,55.917,1.023,0.930,1.048,0.873,39.804,0.946,1.136,571,611,55.008,0.921,1.200,0.833,0.912
242,0.978,3.594,17.585,56.289,1.116,1.116,1.170,1.065,39.354,0.952,1.293,189,614,30.256,1.116,1.098,0.910,0.919
243,0.035,0.658,40.845,59.732,0.279,0.186,0.299,0.147,31.717,1.000,0.335,439,644,33.690,0.186,2.031,0.492,0.800
244,0.589,2.850,6.792,60.383,0.930,0.930,1.087,0.689,48.548,0.911,1.136,74,659,55.008,0.724,1.577,0.634,0.895
245,0.727,3.090,14.514,61.406,0.930,1.023,1.045,0.886,76.785,0.957,1.124,159,671,65.556,0.930,1.179,0.849,0.918
246,0.571,2.772,4.466,62.988,0.837,0.930,0.933,0.780,59.162,0.934,1.006,48,685,33.690,0.835,1.196,0.836,0.880
247,1.091,4.066,53.684,64.477,1.396,1.116,1.468,0.946,31.906,0.829,1.548,578,704,32.735,1.032,1.551,0.645,0.906
248,0.009,0.263,76.200,65.407,0.093,0.093,0.105,0.105,0.000,1.000,0.132,819,703,135.000,0.093,1.000,1.000,1.000
249,1.731,5.391,11.444,4.001,1.582,1.768,1.922,1.147,55.709,0.749,2.091,127,62,57.724,1.331,1.676,0.597,0.873
250,1.298,4.361,26.144,5.582,1.210,1.489,1.524,1.085,70.870,0.858,1.628,284,76,59.036,1.198,1.405,0.712,0.888
251,0.528,2.618,12.281,7.443,0.744,0.837,0.878,0.766,72.247,0.968,0.958,134,89,60.945,0.744,1.146,0.873,0.931
252,0.242,1.765,68.477,10.234,0.651,0.558,0.569,0.543,130.269,0.978,0.677,736,112,164.055,0.558,1.048,0.954,0.848
253,0.554,2.641,53.498,10.327,0.837,0.837,0.944,0.748,41.973,0.998,1.006,575,119,33.690,0.789,1.262,0.792,0.928
254,0.537,2.827,68.105,11.537,1.023,0.744,1.144,0.598,25.040,0.844,1.213,732,132,32.471,0.666,1.914,0.522,0.899
255,0.087,0.976,6.327,13.305,0.372,0.279,0.413,0.267,26.565,1.000,0.465,68,146,36.870,0.279,1.551,0.645,0.909
256,0.788,3.331,14.700,13.584,0.930,1.116,1.157,0.867,108.921,0.892,1.248,159,146,116.565,0.930,1.335,0.749,0.905
257,1.117,4.011,74.339,14.514,1.303,1.303,1.547,0.919,43.798,0.872,1.601,799,168,35.538,0.987,1.683,0.594,0.905
258,3.835,8.218,89.784,17.864,2.791,2.140,2.647,1.845,26.153,0.714,2.914,965,214,16.699,1.906,1.435,0.697,0.900
259,0.883,3.562,2.791,18.143,1.116,1.210,1.279,0.879,51.883,0.875,1.322,31,206,39.289,0.977,1.454,0.688,0.879
260,0.649,2.959,74.618,18.329,1.023,0.837,0.969,0.853,32.592,0.932,1.061,803,205,37.875,0.837,1.137,0.880,0.904
261,0.641,2.959,53.684,19.445,1.023,0.837,1.024,0.796,26.741,0.920,1.124,577,216,24.444,0.837,1.286,0.777,0.902
262,0.693,3.058,78.619,19.631,1.116,0.930,1.110,0.794,28.581,0.930,1.210,845,219,22.620,0.855,1.399,0.715,0.889
263,0.632,2.981,90.063,20.097,1.023,0.930,0.990,0.813,170.526,0.894,1.061,968,219,164.745,0.894,1.218,0.821,0.864
264,5.228,10.859,83.457,21.399,3.163,3.442,4.091,1.627,53.622,0.557,4.113,899,266,52.352,1.993,2.514,0.398,0.791
265,2.190,6.126,22.609,22.330,2.047,1.675,1.876,1.487,177.150,0.733,2.099,243,250,12.804,1.569,1.262,0.793,0.861
266,0.078,0.976,30.238,22.888,0.279,0.372,0.365,0.272,69.699,1.000,0.416,326,250,63.435,0.279,1.340,0.746,0.857
267,0.744,3.167,80.107,25.028,1.023,1.023,1.114,0.851,35.929,0.933,1.191,861,278,38.660,0.915,1.309,0.764,0.896
268,0.026,0.658,77.502,26.516,0.279,0.186,0.299,0.111,151.845,0.754,0.335,833,285,146.310,0.166,2.702,0.370,0.667
269,0.251,1.874,68.664,27.261,0.651,0.558,0.614,0.521,8.414,0.898,0.709,738,295,156.801,0.558,1.179,0.848,0.853
270,1.584,5.522,76.014,28.284,1.954,1.489,2.264,0.891,32.843,0.653,2.348,817,319,33.690,0.999,2.541,0.394,0.882
271,4.908,9.752,14.700,28.563,2.977,3.070,3.478,1.797,47.460,0.649,3.574,158,332,38.660,1.974,1.936,0.517,0.854
272,1.298,4.229,37.309,28.749,1.303,1.303,1.383,1.196,55.243,0.912,1.500,405,323,60.255,1.276,1.156,0.865,0.923
273,0.026,0.526,69.315,28.749,0.186,0.186,0.220,0.150,45.000,1.000,0.263,745,311,45.000,0.186,1.464,0.683,0.857
274,0.095,1.293,70.803,29.215,0.558,0.279,0.518,0.234,170.355,0.715,0.588,761,314,161.565,0.279,2.217,0.451,0.786
275,0.589,4.052,73.688,30.238,1.861,0.465,1.855,0.404,174.348,0.450,1.882,792,327,171.469,0.465,4.589,0.218,0.855
276,0.078,1.053,54.335,31.075,0.372,0.372,0.371,0.267,55.427,0.884,0.416,585,338,63.435,0.329,1.390,0.720,0.750
277,0.009,0.263,76.572,32.006,0.093,0.093,0.105,0.105,0.000,1.000,0.132,823,344,135.000,0.093,1.000,1.000,1.000
278,0.069,1.216,76.014,32.378,0.558,0.186,0.509,0.173,0.000,0.588,0.566,817,349,170.538,0.186,2.935,0.341,0.800
279,0.052,0.789,80.387,32.471,0.279,0.279,0.292,0.226,45.000,1.000,0.335,865,352,56.310,0.263,1.291,0.775,0.800
280,1.584,7.406,76.851,32.750,1.768,2.419,2.266,0.890,112.771,0.363,2.791,826,353,126.870,1.277,2.545,0.393,0.596
281,0.450,2.509,40.007,32.843,0.837,0.744,0.972,0.590,38.120,0.898,1.061,430,360,37.875,0.658,1.649,0.607,0.904
282,3.194,7.505,81.503,33.680,2.233,2.419,2.801,1.452,51.889,0.713,2.813,880,388,55.784,1.663,1.929,0.518,0.862
283,3.783,7.406,59.825,34.704,2.233,2.047,2.331,2.066,16.190,0.867,2.503,645,394,41.987,2.047,1.128,0.887,0.943
284,0.978,3.594,87.644,36.193,1.210,1.023,1.221,1.020,26.883,0.952,1.374,942,398,28.301,1.023,1.198,0.835,0.926
285,1.679,4.996,6.699,36.286,1.489,1.582,1.621,1.319,60.034,0.845,1.787,74,406,51.340,1.478,1.228,0.814,0.902
286,1.290,4.066,37.681,36.658,1.303,1.303,1.304,1.260,171.672,0.981,1.383,405,399,160.346,1.303,1.035,0.966,0.928
287,0.017,0.395,86.992,36.937,0.186,0.093,0.210,0.105,0.000,1.000,0.208,935,397,153.435,0.093,2.000,0.500,1.000
288,1.298,4.624,28.842,38.053,1.489,1.396,1.522,1.086,139.215,0.763,1.628,310,411,149.036,1.276,1.402,0.713,0.847
289,1.991,6.498,21.771,38.519,1.954,2.140,2.367,1.071,57.473,0.593,2.378,239,436,59.421,1.288,2.210,0.453,0.768
290,0.190,1.534,87.178,38.891,0.558,0.372,0.611,0.397,12.557,1.000,0.671,937,422,33.690,0.372,1.542,0.649,0.957
291,0.147,1.293,27.354,41.682,0.465,0.372,0.486,0.385,15.172,1.000,0.543,294,451,30.964,0.372,1.263,0.792,0.919
292,0.493,2.641,1.116,42.798,0.837,0.837,0.962,0.653,45.547,0.889,1.053,12,468,45.000,0.724,1.474,0.678,0.877
293,0.087,1.030,49.590,42.798,0.372,0.279,0.377,0.293,26.565,1.000,0.465,533,463,36.870,0.279,1.288,0.776,0.909
294,2.623,6.761,38.984,44.101,2.047,2.140,2.540,1.315,45.192,0.721,2.635,419,495,42.138,1.478,1.931,0.518,0.881
295,0.459,2.586,53.870,44.101,0.837,0.744,0.882,0.662,38.876,0.862,1.006,579,480,33.690,0.724,1.331,0.751,0.883
296,0.545,2.772,80.014,44.101,1.023,0.744,1.051,0.660,23.074,0.892,1.089,860,480,19.983,0.736,1.592,0.628,0.894
297,0.312,2.060,30.889,44.194,0.651,0.651,0.789,0.503,42.559,0.923,0.858,332,481,40.601,0.583,1.569,0.637,0.889
298,0.857,3.430,24.190,44.659,1.116,1.116,1.137,0.960,31.196,0.915,1.213,263,492,57.529,1.030,1.184,0.845,0.884
299,0.554,2.718,35.634,46.799,0.930,0.837,0.910,0.775,29.026,0.942,0.989,384,511,41.186,0.832,1.174,0.852,0.877
300,1.965,5.413,78.712,47.450,1.582,1.861,1.888,1.325,65.829,0.843,1.963,850,530,58.570,1.415,1.425,0.702,0.899
301,0.554,2.695,64.198,47.730,0.930,0.744,0.916,0.770,174.496,0.958,1.002,690,519,21.801,0.744,1.188,0.842,0.908
302,1.298,4.492,67.454,48.474,1.116,1.675,1.645,1.005,82.092,0.809,1.716,727,521,102.529,1.105,1.637,0.611,0.890
303,0.814,3.222,52.009,48.567,1.023,1.023,1.079,0.960,40.373,0.985,1.166,559,531,28.610,1.023,1.124,0.890,0.922
304,0.268,1.797,48.195,49.125,0.558,0.558,0.639,0.535,46.313,1.000,0.727,519,534,50.194,0.558,1.196,0.836,0.939
305,2.779,6.739,11.258,49.497,2.233,1.954,2.397,1.476,36.358,0.769,2.505,121,551,31.329,1.711,1.624,0.616,0.887
306,0.571,3.430,71.920,51.079,1.210,0.930,1.286,0.566,149.992,0.610,1.374,773,551,151.699,0.745,2.275,0.440,0.754
307,2.554,6.235,56.382,51.265,1.954,1.954,2.070,1.571,42.022,0.826,2.250,606,565,29.745,1.696,1.317,0.759,0.920
308,1.099,3.857,16.654,52.568,1.116,1.303,1.352,1.035,61.770,0.929,1.420,181,578,58.392,1.116,1.306,0.766,0.924
309,1.151,4.098,17.212,55.917,1.116,1.396,1.470,0.997,65.565,0.862,1.548,186,615,57.265,1.077,1.473,0.679,0.911
310,2.043,5.568,76.200,57.034,1.675,1.768,1.794,1.450,51.147,0.828,1.918,826,632,67.166,1.513,1.237,0.808,0.918
311,3.038,6.552,84.294,58.336,2.140,1.954,2.134,1.813,32.597,0.889,2.250,907,642,29.745,1.914,1.178,0.849,0.929
312,1.575,4.701,58.987,58.801,1.396,1.582,1.496,1.341,62.374,0.896,1.625,639,649,76.759,1.396,1.115,0.897,0.917
313,0.918,3.880,50.428,59.732,1.116,1.303,1.404,0.832,62.826,0.766,1.456,545,656,63.435,0.907,1.687,0.593,0.872
314,2.458,6.366,28.656,62.244,2.140,1.768,2.298,1.362,31.765,0.762,2.348,309,686,33.690,1.548,1.687,0.593,0.882
315,1.091,3.934,57.778,62.802,1.303,1.210,1.530,0.908,39.472,0.886,1.601,621,686,35.538,0.977,1.686,0.593,0.910
316,0.199,1.611,66.244,63.360,0.558,0.465,0.566,0.448,34.722,0.964,0.658,713,686,45.000,0.465,1.262,0.792,0.885
317,0.762,3.145,15.445,63.825,0.837,1.116,1.108,0.875,90.741,0.968,1.151,168,686,104.036,0.837,1.266,0.790,0.926
318,0.017,0.395,35.448,1.489,0.186,0.093,0.210,0.105,0.000,1.000,0.208,381,16,153.435,0.093,2.000,0.500,1.000
319,0.182,1.556,25.121,2.419,0.558,0.465,0.532,0.435,26.960,0.943,0.596,270,31,38.660,0.465,1.221,0.819,0.857
320,4.397,8.558,80.200,5.303,2.698,2.419,2.550,2.196,18.276,0.755,2.755,862,66,168.311,2.265,1.161,0.861,0.898
321,2.277,5.994,68.664,5.675,1.768,1.954,2.109,1.374,57.948,0.796,2.196,741,80,53.616,1.513,1.535,0.652,0.901
322,2.640,6.267,44.752,7.536,1.768,2.047,2.199,1.529,60.036,0.845,2.288,485,103,63.435,1.651,1.438,0.695,0.927
323,1.134,4.143,16.654,10.141,1.210,1.303,1.283,1.125,112.101,0.830,1.420,179,113,148.392,1.150,1.140,0.877,0.882
324,1.679,5.205,31.261,11.723,1.582,1.675,2.009,1.064,46.133,0.779,2.049,337,143,50.528,1.184,1.888,0.530,0.892
325,2.320,6.235,54.894,12.095,1.861,1.954,2.229,1.325,58.596,0.750,2.311,591,150,49.899,1.491,1.682,0.595,0.867
326,4.441,8.372,8.839,12.467,2.605,2.605,2.840,1.991,51.514,0.796,2.874,101,162,60.945,2.261,1.426,0.701,0.898
327,0.467,2.455,48.939,13.212,0.744,0.837,0.814,0.731,49.802,0.975,0.921,526,150,45.000,0.744,1.114,0.897,0.893
328,1.221,4.306,35.820,13.584,1.210,1.489,1.672,0.930,60.816,0.827,1.708,387,162,60.642,0.999,1.798,0.556,0.904
329,0.511,2.509,63.639,14.514,0.837,0.744,0.842,0.772,7.275,1.000,0.916,684,162,23.962,0.744,1.090,0.917,0.929
330,3.947,8.163,3.256,15.445,2.326,2.419,2.448,2.053,37.454,0.744,2.776,38,192,50.440,2.148,1.192,0.839,0.894
331,2.034,5.545,37.681,15.910,1.861,1.675,1.816,1.426,35.623,0.831,2.013,407,189,33.690,1.469,1.273,0.786,0.902
332,1.316,4.538,67.640,16.189,1.582,1.303,1.645,1.018,30.210,0.803,1.748,727,185,25.201,1.135,1.616,0.619,0.879
333,0.641,3.013,88.574,16.189,1.116,0.744,1.147,0.711,6.538,0.887,1.210,952,182,22.620,0.744,1.612,0.620,0.914
334,2.320,5.763,74.711,16.282,1.768,1.675,1.757,1.681,56.061,0.878,1.918,807,193,50.906,1.675,1.045,0.957,0.929
335,0.251,1.820,7.257,16.747,0.651,0.558,0.688,0.465,36.402,0.953,0.750,78,185,29.745,0.526,1.480,0.676,0.866
336,0.502,2.663,43.915,16.840,0.837,0.837,0.868,0.737,43.976,0.889,0.958,472,188,29.055,0.789,1.178,0.849,0.872
337,0.641,2.882,77.874,16.840,0.930,0.837,1.046,0.780,35.516,0.969,1.136,837,189,34.992,0.837,1.342,0.745,0.937
338,0.926,3.616,87.644,17.119,1.116,1.116,1.248,0.945,37.285,0.890,1.342,942,194,33.690,1.040,1.321,0.757,0.899
339,0.035,0.844,26.237,17.957,0.372,0.186,0.392,0.112,22.500,0.611,0.416,282,195,26.565,0.166,3.493,0.286,0.667
340,2.095,5.927,14.979,18.050,1.489,1.861,2.024,1.317,68.079,0.749,2.252,162,213,51.710,1.457,1.537,0.651,0.885
341,0.338,2.060,51.265,18.236,0.744,0.558,0.761,0.565,20.841,1.000,0.832,551,201,26.565,0.558,1.347,0.742,0.918
342,0.978,3.671,60.662,18.236,1.116,1.210,1.280,0.973,51.681,0.912,1.396,653,209,53.130,1.053,1.316,0.760,0.900
343,1.212,4.152,8.281,20.841,1.116,1.396,1.487,1.038,65.441,0.883,1.582,90,239,61.928,1.106,1.433,0.698,0.927
344,0.087,1.107,60.848,21.492,0.465,0.279,0.432,0.255,20.621,0.887,0.501,654,233,21.801,0.279,1.690,0.592,0.833
345,1.411,4.515,84.201,22.423,1.396,1.489,1.750,1.026,49.196,0.870,1.787,907,257,51.340,1.070,1.705,0.586,0.911
346,2.320,6.158,47.823,26.237,1.582,2.047,1.970,1.500,87.528,0.769,2.148,515,282,107.650,1.582,1.313,0.762,0.907
347,0.173,1.425,24.935,27.819,0.465,0.465,0.489,0.451,116.565,1.000,0.543,269,299,120.964,0.465,1.083,0.923,0.889
348,1.437,4.701,56.940,28.191,1.396,1.396,1.427,1.282,66.747,0.817,1.584,612,316,40.236,1.396,1.113,0.899,0.897
349,1.160,3.989,60.290,28.191,1.396,1.116,1.409,1.048,166.542,0.916,1.471,648,306,161.565,1.116,1.345,0.744,0.912
350,0.355,2.137,40.565,28.470,0.744,0.651,0.698,0.648,15.025,0.976,0.767,436,309,165.964,0.651,1.078,0.928,0.882
351,0.035,0.658,56.754,29.959,0.279,0.186,0.254,0.173,0.000,1.000,0.294,610,322,161.565,0.186,1.468,0.681,0.800
352,0.450,2.586,14.328,30.238,0.837,0.744,0.878,0.653,22.260,0.846,0.958,154,332,29.055,0.744,1.345,0.744,0.867
353,0.545,2.718,10.700,31.634,0.930,0.837,0.892,0.779,24.514,0.928,0.989,116,349,41.186,0.837,1.145,0.873,0.875
354,0.736,3.321,43.729,32.657,1.116,1.023,1.042,0.899,176.718,0.838,1.151,470,356,165.964,0.993,1.160,0.862,0.846
355,0.840,3.803,24.283,33.494,0.930,1.210,1.216,0.879,76.075,0.730,1.332,262,373,65.225,0.930,1.383,0.723,0.890
356,2.017,5.205,2.884,34.611,1.675,1.582,1.725,1.489,24.538,0.936,1.835,31,385,30.466,1.579,1.159,0.863,0.936
357,1.636,4.887,47.916,36.472,1.396,1.675,1.754,1.188,62.240,0.861,1.807,517,409,55.491,1.227,1.477,0.677,0.909
358,1.333,4.383,18.701,37.588,1.489,1.303,1.496,1.135,32.540,0.872,1.579,203,417,45.000,1.187,1.318,0.759,0.901
359,0.156,1.425,66.338,39.356,0.558,0.372,0.530,0.374,12.236,0.965,0.588,713,426,18.435,0.372,1.416,0.706,0.878
360,0.883,3.517,20.841,39.542,1.116,1.023,1.166,0.964,37.325,0.897,1.316,225,435,45.000,1.023,1.210,0.826,0.911
361,0.268,1.874,45.124,41.775,0.651,0.558,0.707,0.483,27.072,0.960,0.750,485,454,29.745,0.541,1.465,0.683,0.886
362,0.649,2.882,83.085,42.333,0.930,0.837,0.998,0.828,29.465,0.983,1.085,893,462,30.964,0.837,1.205,0.830,0.938
363,1.636,4.787,78.247,43.078,1.396,1.489,1.597,1.305,57.168,0.897,1.778,842,479,47.121,1.396,1.224,0.817,0.933
364,0.043,0.712,82.154,43.915,0.279,0.186,0.293,0.188,18.435,1.000,0.335,883,474,33.690,0.186,1.553,0.644,0.909
365,1.186,4.043,48.474,44.008,1.210,1.303,1.407,1.074,54.738,0.912,1.471,521,485,34.695,1.154,1.310,0.763,0.926
366,0.043,0.789,82.154,44.194,0.279,0.279,0.287,0.192,34.099,0.873,0.335,883,478,56.310,0.250,1.496,0.668,0.714
367,3.766,8.458,3.256,46.427,2.326,2.605,2.928,1.638,55.372,0.661,3.098,36,525,48.652,1.938,1.788,0.559,0.846
368,3.592,7.900,66.151,46.613,2.140,2.605,2.776,1.648,60.414,0.723,2.866,713,528,54.246,1.868,1.685,0.594,0.883
369,0.069,0.976,72.013,48.009,0.372,0.279,0.397,0.222,33.019,0.914,0.465,774,519,36.870,0.279,1.791,0.558,0.800
370,1.221,4.066,61.592,48.381,1.303,1.303,1.265,1.228,26.752,0.928,1.355,662,528,15.945,1.290,1.030,0.971,0.910
371,3.056,6.947,43.636,49.125,2.512,1.861,2.534,1.535,23.788,0.796,2.679,469,542,20.323,1.698,1.650,0.606,0.904
372,1.203,4.252,27.261,52.754,1.303,1.396,1.612,0.951,50.918,0.836,1.711,293,581,45.000,1.053,1.695,0.590,0.897
373,0.390,2.346,43.171,53.219,0.837,0.744,0.741,0.669,25.457,0.890,0.858,464,576,12.529,0.736,1.108,0.902,0.833
374,0.095,1.030,50.521,54.335,0.372,0.279,0.408,0.297,15.071,1.000,0.465,543,587,36.870,0.279,1.372,0.729,0.957
375,2.883,7.351,14.886,54.894,1.768,2.605,2.495,1.471,98.826,0.670,2.664,164,618,77.905,1.766,1.696,0.590,0.851
376,0.606,3.004,12.188,55.638,1.023,0.837,0.951,0.811,3.865,0.844,1.061,131,605,15.255,0.837,1.172,0.853,0.859
377,0.052,0.712,51.079,55.731,0.279,0.186,0.315,0.210,0.000,1.000,0.335,549,599,146.310,0.186,1.500,0.667,1.000
378,0.061,1.053,24.749,56.382,0.372,0.279,0.345,0.224,162.231,0.687,0.416,266,607,153.435,0.279,1.544,0.648,0.737
379,0.087,0.976,62.337,56.847,0.372,0.279,0.369,0.299,0.000,1.000,0.416,670,611,153.435,0.279,1.236,0.809,0.909
380,2.632,6.334,13.305,57.220,2.140,1.861,1.989,1.684,175.637,0.824,2.172,143,626,9.866,1.823,1.181,0.847,0.905
381,2.112,5.872,52.009,57.220,1.861,1.582,2.031,1.324,32.275,0.770,2.326,559,630,36.870,1.506,1.533,0.652,0.912
382,1.636,4.964,16.840,58.243,1.489,1.582,1.504,1.385,71.175,0.834,1.677,182,642,33.690,1.489,1.087,0.920,0.906
383,3.134,7.551,46.148,58.801,2.419,2.419,2.937,1.359,43.184,0.691,2.866,499,658,54.246,1.504,2.162,0.463,0.853
384,0.502,2.641,39.356,59.080,0.837,0.744,0.928,0.689,35.205,0.905,1.006,423,642,33.690,0.744,1.349,0.742,0.913
385,0.892,3.594,93.133,59.360,1.023,1.210,1.353,0.839,63.542,0.867,1.420,1002,651,58.392,0.883,1.612,0.620,0.912
386,1.342,4.438,24.563,60.197,1.303,1.396,1.571,1.087,49.208,0.856,1.657,264,659,38.157,1.184,1.445,0.692,0.923
387,0.095,1.107,27.168,60.755,0.372,0.372,0.404,0.300,45.000,0.976,0.465,292,657,36.870,0.372,1.343,0.745,0.815
388,0.779,3.199,2.140,62.709,0.930,1.023,1.136,0.873,56.610,0.957,1.265,25,685,53.973,0.921,1.302,0.768,0.947
389,0.710,3.090,23.074,63.081,1.023,0.930,1.040,0.869,45.279,0.934,1.136,251,688,55.008,0.921,1.196,0.836,0.906
390,1.550,4.733,47.450,63.174,1.489,1.396,1.557,1.267,146.016,0.869,1.657,511,682,141.843,1.373,1.229,0.814,0.906
391,0.424,2.269,65.407,63.825,0.744,0.744,0.766,0.705,9.403,1.000,0.832,703,688,153.435,0.744,1.085,0.921,0.899
392,1.030,3.934,79.084,64.012,1.210,1.303,1.467,0.894,55.933,0.836,1.526,850,700,37.569,0.995,1.641,0.609,0.885
393,0.190,1.633,68.198,1.954,0.651,0.465,0.600,0.404,29.505,0.897,0.709,733,25,23.199,0.461,1.483,0.674,0.830
394,0.831,3.276,69.873,1.954,1.023,1.023,1.143,0.926,46.696,0.973,1.213,753,32,57.529,0.987,1.234,0.810,0.932
395,0.623,3.036,4.280,2.884,1.023,0.930,1.178,0.674,42.260,0.850,1.252,47,40,41.987,0.724,1.749,0.572,0.894
396,3.116,7.692,43.450,3.536,2.419,2.047,2.457,1.615,26.472,0.662,2.736,468,60,35.311,1.914,1.522,0.657,0.844
397,0.467,2.455,54.708,3.722,0.744,0.837,0.893,0.666,54.128,0.975,0.958,589,49,60.945,0.724,1.341,0.746,0.908
398,1.420,4.569,58.708,4.094,1.396,1.489,1.681,1.076,49.831,0.854,1.778,632,59,47.121,1.162,1.562,0.640,0.914
399,0.450,2.455,84.108,4.559,0.837,0.744,0.827,0.693,16.017,0.939,0.930,905,56,36.870,0.744,1.192,0.839,0.874
400,2.129,6.421,77.037,6.513,1.582,2.233,2.293,1.183,65.756,0.649,2.419,830,94,67.380,1.468,1.939,0.516,0.823
401,1.956,5.731,24.190,7.536,1.675,1.768,1.626,1.532,56.076,0.748,1.918,262,99,39.094,1.666,1.062,0.942,0.874
402,0.069,0.844,28.842,9.490,0.279,0.279,0.329,0.268,45.000,1.000,0.395,310,105,45.000,0.279,1.229,0.814,0.941
403,0.718,3.068,54.149,9.583,1.023,0.837,1.056,0.866,173.002,0.959,1.136,583,104,145.008,0.837,1.219,0.820,0.938
404,0.260,1.797,5.955,11.444,0.558,0.558,0.647,0.511,42.363,1.000,0.727,64,129,50.194,0.558,1.264,0.791,0.923
405,0.164,1.370,65.035,11.816,0.465,0.465,0.493,0.425,45.001,1.000,0.543,699,131,30.964,0.461,1.161,0.861,0.884
406,1.532,4.724,59.825,12.002,1.582,1.489,1.838,1.061,40.579,0.863,1.861,644,144,36.870,1.118,1.731,0.578,0.915
407,0.087,1.030,2.047,13.584,0.372,0.279,0.369,0.299,0.000,1.000,0.416,22,147,153.435,0.279,1.236,0.809,0.909
408,0.476,2.532,80.852,13.770,0.837,0.837,0.913,0.664,31.016,0.933,1.006,869,155,33.690,0.724,1.377,0.726,0.873
409,0.736,3.199,62.523,13.956,1.023,0.930,1.075,0.872,31.492,0.903,1.191,672,159,38.660,0.929,1.233,0.811,0.904
410,1.030,3.857,26.144,15.166,1.023,1.303,1.308,1.003,69.499,0.870,1.420,282,177,58.392,1.023,1.305,0.766,0.912
411,1.082,3.912,14.700,17.398,1.303,1.116,1.431,0.963,37.255,0.889,1.526,159,199,37.569,1.053,1.486,0.673,0.929
412,1.446,4.647,45.962,17.771,1.489,1.489,1.727,1.066,42.741,0.841,1.787,496,207,51.340,1.184,1.620,0.617,0.895
413,0.286,2.028,83.457,17.957,0.744,0.651,0.673,0.540,162.052,0.873,0.767,897,195,165.964,0.618,1.246,0.803,0.795
414,0.831,3.408,3.349,18.236,1.116,1.023,1.227,0.862,42.606,0.899,1.322,38,207,50.711,0.921,1.424,0.702,0.910
415,0.416,2.509,43.078,19.259,0.930,0.558,0.929,0.569,14.368,0.829,1.040,463,212,26.565,0.558,1.632,0.613,0.914
416,0.061,0.844,86.527,21.027,0.372,0.186,0.386,0.200,8.350,1.000,0.416,930,228,26.565,0.186,1.936,0.517,0.933
417,1.082,4.406,24.004,21.306,1.396,1.396,1.645,0.837,51.219,0.700,1.778,259,244,47.121,0.987,1.965,0.509,0.845
418,0.164,1.425,2.512,21.957,0.465,0.465,0.538,0.390,41.779,1.000,0.596,27,241,38.660,0.458,1.380,0.725,0.884
419,2.000,5.895,7.536,23.260,1.675,1.861,2.057,1.238,50.231,0.723,2.252,83,269,51.710,1.419,1.661,0.602,0.882
420,1.896,5.468,34.146,24.283,1.675,1.768,1.919,1.258,52.466,0.797,1.991,371,279,52.595,1.433,1.526,0.655,0.864
421,0.632,3.222,41.868,24.470,0.837,1.210,1.264,0.637,63.801,0.765,1.322,450,275,50.711,0.706,1.985,0.504,0.864
422,0.571,2.850,14.979,24.563,0.930,0.930,1.093,0.665,52.296,0.884,1.136,163,274,55.008,0.724,1.643,0.608,0.886
423,0.667,3.036,53.684,24.656,1.023,0.930,1.047,0.810,133.093,0.909,1.136,579,265,124.992,0.912,1.293,0.774,0.880
424,0.381,2.192,29.587,25.214,0.744,0.651,0.796,0.609,30.517,0.996,0.878,318,278,32.005,0.651,1.306,0.766,0.926
425,0.615,2.850,54.614,26.144,0.930,0.930,0.914,0.856,40.632,0.951,0.989,588,289,41.186,0.915,1.068,0.937,0.882
426,1.376,4.801,0.837,26.982,1.582,1.489,1.815,0.965,38.629,0.750,1.807,12,306,55.491,1.053,1.880,0.532,0.874
427,0.883,3.780,48.381,27.447,1.023,1.303,1.358,0.828,65.263,0.777,1.500,522,309,60.255,0.948,1.641,0.609,0.864
428,0.788,3.353,51.358,27.447,1.116,1.023,1.039,0.965,167.601,0.880,1.177,552,298,161.565,1.023,1.077,0.928,0.883
429,0.424,2.323,62.058,28.377,0.744,0.744,0.800,0.675,21.074,0.988,0.878,667,311,32.005,0.706,1.186,0.843,0.891
430,1.506,4.515,68.384,29.401,1.489,1.396,1.555,1.233,39.396,0.929,1.664,735,328,26.565,1.316,1.261,0.793,0.923
431,1.177,4.175,73.502,32.099,1.396,1.210,1.548,0.968,31.266,0.849,1.628,790,355,30.964,1.082,1.599,0.626,0.904
432,2.164,5.654,19.631,33.587,1.582,1.954,1.928,1.429,69.161,0.851,2.091,216,382,69.146,1.563,1.349,0.742,0.921
433,0.641,2.904,48.474,34.053,1.023,0.837,1.030,0.792,177.014,0.954,1.089,521,368,160.017,0.837,1.301,0.768,0.897
434,0.433,2.509,10.607,34.983,0.744,0.837,0.992,0.555,52.495,0.864,1.061,115,385,52.125,0.633,1.787,0.560,0.885
435,0.164,1.502,14.979,37.030,0.465,0.558,0.565,0.371,59.957,0.916,0.624,162,404,63.435,0.441,1.525,0.656,0.809
436,0.242,1.874,29.401,37.588,0.558,0.651,0.575,0.537,77.722,0.867,0.677,318,404,105.945,0.558,1.070,0.934,0.824
437,0.519,2.641,87.830,37.960,0.837,0.837,0.899,0.735,38.937,0.936,0.989,944,415,41.186,0.789,1.223,0.818,0.896
438,1.272,4.284,26.516,38.426,1.303,1.303,1.373,1.180,37.182,0.871,1.515,287,425,47.490,1.277,1.164,0.859,0.913
439,0.190,1.556,59.173,38.612,0.465,0.558,0.571,0.425,79.119,0.988,0.624,637,421,63.435,0.465,1.345,0.744,0.863
440,2.164,5.917,29.494,38.798,1.675,2.047,2.284,1.206,60.276,0.777,2.271,318,438,55.008,1.298,1.893,0.528,0.885
441,8.907,13.268,21.864,39.170,3.629,4.001,4.519,2.510,54.313,0.636,4.683,239,464,49.028,2.826,1.801,0.555,0.861
442,0.078,1.162,26.516,40.100,0.279,0.372,0.336,0.295,90.000,0.726,0.416,286,431,116.565,0.279,1.139,0.878,0.818
443,1.013,4.011,62.151,40.193,1.303,1.303,1.574,0.819,51.319,0.791,1.584,668,444,40.236,0.949,1.922,0.520,0.851
444,0.736,3.167,36.379,46.427,0.930,1.116,1.092,0.858,62.299,0.922,1.210,393,511,67.380,0.921,1.273,0.786,0.904
445,0.390,2.214,67.733,47.078,0.744,0.744,0.741,0.669,27.674,0.998,0.800,728,512,35.538,0.707,1.107,0.903,0.874
446,1.489,4.810,66.710,48.195,1.210,1.675,1.652,1.147,75.314,0.809,1.807,718,535,55.491,1.210,1.440,0.694,0.894
447,0.009,0.263,34.983,49.032,0.093,0.093,0.105,0.105,0.000,1.000,0.132,376,527,135.000,0.093,1.000,1.000,1.000
448,2.355,6.235,50.800,50.428,1.861,1.954,2.168,1.383,43.992,0.761,2.383,547,563,51.340,1.579,1.568,0.638,0.886
449,1.714,4.787,46.148,51.916,1.303,1.582,1.639,1.332,80.400,0.940,1.711,500,575,67.620,1.303,1.231,0.813,0.947
450,0.511,2.586,74.060,53.777,0.837,0.837,0.885,0.734,53.431,0.959,0.958,798,587,60.945,0.789,1.206,0.829,0.894
451,1.463,4.547,29.866,53.963,1.210,1.582,1.694,1.099,62.198,0.889,1.790,323,597,62.103,1.206,1.541,0.649,0.936
452,1.783,5.259,47.357,53.963,1.396,1.768,1.821,1.247,73.846,0.810,1.916,513,599,60.945,1.339,1.460,0.685,0.898
453,0.684,3.013,60.848,54.149,0.930,0.930,0.996,0.874,37.730,0.947,1.085,654,590,30.964,0.930,1.139,0.878,0.919
454,0.623,2.772,19.073,54.428,0.837,0.930,0.993,0.799,57.736,1.000,1.061,205,594,37.875,0.837,1.242,0.805,0.929
455,1.575,4.865,45.310,55.173,1.582,1.396,1.772,1.132,37.877,0.837,1.909,487,607,43.025,1.250,1.564,0.639,0.924
456,1.091,4.066,26.982,56.196,1.116,1.396,1.361,1.021,96.844,0.829,1.423,294,604,101.310,1.071,1.333,0.750,0.887
457,1.099,4.143,14.886,56.847,1.303,1.396,1.575,0.889,50.159,0.805,1.601,162,625,54.462,0.987,1.773,0.564,0.870
458,0.459,2.432,41.310,57.220,0.744,0.744,0.849,0.688,39.382,0.975,0.930,444,622,36.870,0.744,1.235,0.810,0.930
459,1.221,4.175,5.675,58.336,1.303,1.303,1.460,1.064,43.778,0.880,1.526,61,638,37.569,1.172,1.372,0.729,0.907
460,0.017,0.526,17.026,58.801,0.186,0.186,0.241,0.091,45.000,0.785,0.263,183,634,45.000,0.132,2.646,0.378,0.667
461,1.887,5.500,38.239,60.569,1.489,1.861,1.877,1.280,64.901,0.784,2.041,415,671,65.772,1.471,1.467,0.682,0.886
462,0.693,3.013,10.141,61.592,0.930,0.930,0.958,0.920,105.420,0.959,1.061,110,663,127.875,0.930,1.041,0.961,0.909
463,0.364,2.137,46.427,61.686,0.744,0.651,0.723,0.640,165.381,1.000,0.795,499,665,159.444,0.651,1.128,0.886,0.894
464,2.112,5.359,33.867,62.058,1.675,1.768,1.753,1.534,51.028,0.924,1.835,368,685,59.534,1.579,1.142,0.875,0.928
465,0.139,1.293,58.336,62.058,0.465,0.372,0.467,0.378,27.990,1.000,0.543,627,670,30.964,0.372,1.234,0.810,0.889
466,0.078,0.976,38.239,63.081,0.372,0.279,0.390,0.254,6.047,1.000,0.416,411,678,153.435,0.279,1.536,0.651,0.857
467,0.632,2.882,75.921,63.081,0.930,0.837,0.994,0.809,6.700,0.956,1.085,816,685,30.964,0.837,1.228,0.814,0.918
468,0.372,2.269,27.168,0.186,0.651,0.744,0.785,0.604,60.788,0.909,0.858,292,9,40.601,0.651,1.301,0.769,0.896
469,0.701,3.013,57.778,0.279,0.930,0.930,1.106,0.808,43.178,0.971,1.191,621,12,38.660,0.855,1.369,0.730,0.942
470,0.329,2.115,33.029,2.326,0.744,0.558,0.791,0.530,21.542,0.924,0.858,355,31,40.601,0.558,1.494,0.669,0.905
471,2.363,5.940,37.123,2.791,1.675,2.140,2.089,1.441,73.200,0.842,2.172,407,53,80.134,1.498,1.450,0.690,0.919
472,2.095,5.554,8.094,4.280,1.768,1.582,1.902,1.402,148.387,0.853,2.049,88,48,140.528,1.540,1.357,0.737,0.927
473,0.978,3.966,66.338,4.559,1.210,1.210,1.421,0.877,51.417,0.781,1.579,714,61,45.000,1.005,1.620,0.617,0.873
474,1.827,5.118,17.678,5.117,1.768,1.489,1.747,1.331,20.034,0.876,1.854,190,66,17.526,1.456,1.312,0.762,0.906
475,4.787,12.765,76.014,6.420,2.884,3.722,4.039,1.509,56.801,0.369,4.078,820,108,55.222,2.054,2.677,0.374,0.739
476,1.143,4.197,34.890,8.932,1.303,1.396,1.583,0.919,50.391,0.815,1.657,377,111,51.843,1.032,1.723,0.580,0.895
477,1.021,3.748,62.895,9.862,1.210,1.210,1.201,1.083,37.281,0.914,1.296,676,117,21.038,1.123,1.109,0.902,0.901
478,1.177,4.229,67.454,10.234,1.210,1.396,1.509,0.993,60.577,0.827,1.628,728,125,59.036,1.089,1.519,0.658,0.907
479,0.043,0.712,73.129,12.281,0.279,0.186,0.293,0.188,161.565,1.000,0.335,786,132,146.310,0.186,1.553,0.644,0.909
480,1.852,5.686,39.170,13.863,1.396,1.954,1.991,1.185,70.575,0.720,2.170,421,169,59.036,1.309,1.680,0.595,0.884
481,6.060,10.323,74.153,14.049,3.070,3.442,3.991,1.933,51.355,0.715,4.027,800,187,49.686,2.171,2.065,0.484,0.893
482,0.303,2.006,43.078,14.514,0.744,0.558,0.760,0.508,27.507,0.947,0.832,463,161,26.565,0.558,1.496,0.668,0.886
483,1.818,5.041,86.992,14.793,1.675,1.582,1.704,1.359,143.282,0.899,1.797,935,164,158.749,1.447,1.254,0.798,0.915
484,0.641,2.981,48.288,16.840,0.930,0.930,0.991,0.823,45.773,0.906,1.085,519,189,30.964,0.912,1.204,0.831,0.886
485,0.113,1.107,85.504,17.864,0.372,0.372,0.408,0.352,45.000,1.000,0.465,919,195,36.870,0.372,1.159,0.863,0.897
486,0.069,0.976,74.897,18.143,0.372,0.279,0.413,0.213,35.355,0.914,0.465,805,198,36.870,0.263,1.939,0.516,0.842
487,4.475,9.675,53.033,19.352,3.163,2.605,3.644,1.564,35.018,0.601,3.852,570,234,37.147,1.770,2.330,0.429,0.859
488,1.030,3.703,57.313,19.911,1.023,1.210,1.264,1.037,82.237,0.944,1.332,619,227,65.225,1.023,1.219,0.821,0.941
489,0.009,0.263,7.350,20.469,0.093,0.093,0.105,0.105,0.000,1.000,0.132,79,220,135.000,0.093,1.000,1.000,1.000
490,0.892,3.694,30.703,20.841,1.303,1.116,1.452,0.782,39.284,0.821,1.548,330,235,32.735,0.855,1.858,0.538,0.892
491,0.995,3.703,4.373,21.678,1.116,1.116,1.207,1.050,67.218,0.912,1.322,48,244,39.289,1.099,1.149,0.870,0.927
492,1.524,4.538,2.047,24.190,1.489,1.489,1.512,1.283,34.351,0.930,1.560,22,270,17.354,1.316,1.179,0.848,0.914
493,0.346,2.269,77.130,24.376,0.744,0.744,0.708,0.623,41.316,0.845,0.800,830,269,35.538,0.706,1.137,0.880,0.808
494,0.450,2.323,91.179,26.144,0.744,0.744,0.757,0.757,0.000,1.000,0.832,982,281,116.565,0.744,1.000,1.000,0.929
495,0.485,2.509,30.517,26.330,0.837,0.744,0.854,0.722,155.305,0.967,0.930,328,284,143.130,0.744,1.183,0.846,0.911
496,1.143,4.361,13.212,28.563,1.116,1.489,1.591,0.915,61.857,0.755,1.755,143,323,57.995,1.077,1.740,0.575,0.898
497,0.476,2.509,72.199,29.122,0.744,0.837,0.879,0.690,67.329,0.950,0.930,776,321,36.870,0.736,1.275,0.784,0.902
498,1.195,4.152,75.269,29.866,1.303,1.210,1.401,1.086,27.411,0.871,1.526,809,332,37.569,1.177,1.290,0.775,0.911
499,6.709,10.673,9.862,30.238,3.070,3.442,3.396,2.515,69.974,0.740,3.487,118,325,99.211,2.761,1.351,0.740,0.903
500,0.554,2.641,54.242,30.331,0.837,0.837,0.873,0.808,44.018,0.998,0.958,583,333,29.055,0.837,1.080,0.926,0.921
501,1.852,5.128,79.363,30.424,1.489,1.675,1.817,1.298,48.720,0.885,1.936,855,345,54.782,1.431,1.400,0.714,0.926
502,2.337,5.849,56.196,30.517,1.582,1.861,1.888,1.577,58.616,0.858,2.091,607,347,57.724,1.582,1.197,0.835,0.939
503,0.009,0.263,5.768,31.448,0.093,0.093,0.105,0.105,0.000,1.000,0.132,62,338,135.000,0.093,1.000,1.000,1.000
504,0.736,3.222,7.722,31.541,1.023,1.023,1.197,0.783,48.491,0.891,1.265,84,350,53.973,0.855,1.529,0.654,0.899
505,1.948,5.599,15.817,34.797,1.861,1.675,2.237,1.109,43.810,0.781,2.326,170,390,36.870,1.184,2.017,0.496,0.926
506,4.406,8.690,45.962,36.658,2.605,2.698,3.129,1.793,52.217,0.733,3.201,496,422,54.462,1.974,1.746,0.573,0.908
507,1.411,4.492,48.567,37.960,1.396,1.303,1.519,1.183,32.796,0.879,1.657,523,421,38.157,1.290,1.284,0.779,0.921
508,1.376,4.460,40.752,38.053,1.396,1.489,1.705,1.028,49.140,0.869,1.755,440,425,57.995,1.053,1.659,0.603,0.922
509,1.844,5.500,16.003,39.728,1.489,1.861,2.019,1.163,55.323,0.766,2.170,175,447,59.036,1.316,1.736,0.576,0.889
510,0.892,3.408,72.478,39.728,1.023,1.116,1.123,1.011,70.124,0.965,1.210,782,439,67.380,1.023,1.110,0.901,0.928
511,1.887,5.654,34.611,43.822,1.675,1.768,2.110,1.139,52.000,0.742,2.241,373,489,48.366,1.264,1.853,0.540,0.912
512,0.052,1.107,41.682,47.264,0.372,0.279,0.384,0.172,150.482,0.532,0.465,448,508,143.130,0.250,2.235,0.447,0.667
513,4.493,9.084,78.526,49.218,2.233,3.163,2.893,1.977,94.943,0.684,3.272,852,529,104.826,2.206,1.463,0.683,0.864
514,3.090,7.814,56.754,49.590,2.326,2.698,3.012,1.306,54.938,0.636,3.098,610,556,41.348,1.596,2.305,0.434,0.841
515,2.554,7.156,13.677,50.149,1.954,2.512,2.867,1.134,53.416,0.627,2.922,148,566,52.765,1.293,2.528,0.396,0.840
516,0.970,3.648,85.969,51.730,1.116,1.116,1.215,1.016,51.861,0.915,1.322,925,567,50.711,1.106,1.196,0.836,0.918
517,0.208,1.688,84.294,51.916,0.651,0.465,0.622,0.425,29.633,0.916,0.709,906,562,23.199,0.465,1.465,0.683,0.842
518,0.623,2.981,20.097,52.847,1.023,0.930,1.181,0.672,37.645,0.881,1.265,216,577,36.027,0.724,1.757,0.569,0.894
519,3.878,8.799,59.360,53.312,2.512,2.512,2.640,1.870,37.207,0.629,2.967,640,599,41.186,2.183,1.412,0.708,0.843
520,0.528,2.586,70.710,53.591,0.837,0.837,0.903,0.744,45.001,0.992,0.958,762,585,60.945,0.789,1.213,0.824,0.910
521,1.792,5.173,74.711,53.870,1.675,1.675,1.840,1.240,47.525,0.842,1.884,806,596,57.095,1.303,1.485,0.674,0.904
522,2.242,6.366,93.133,56.382,1.675,2.233,2.291,1.246,65.558,0.695,2.372,1003,629,64.440,1.497,1.839,0.544,0.841
523,2.034,5.917,40.193,57.499,1.768,1.768,1.669,1.552,33.549,0.730,1.978,434,637,41.186,1.720,1.076,0.930,0.866
524,0.909,3.408,70.152,59.360,1.210,0.930,1.217,0.951,170.670,0.984,1.265,754,642,162.897,0.930,1.280,0.781,0.933
525,0.069,0.921,44.752,59.546,0.372,0.279,0.376,0.234,19.330,1.000,0.416,481,643,26.565,0.279,1.605,0.623,0.800
526,0.286,1.929,21.771,61.499,0.651,0.558,0.660,0.551,31.477,0.965,0.750,234,666,29.745,0.558,1.196,0.836,0.892
527,0.208,1.633,81.131,61.592,0.558,0.558,0.542,0.488,36.309,0.978,0.624,874,668,63.435,0.526,1.110,0.901,0.842
528,1.714,5.118,75.828,61.779,1.768,1.582,1.919,1.137,37.813,0.822,1.936,816,679,35.218,1.187,1.687,0.593,0.906
529,0.130,1.293,17.864,63.546,0.465,0.372,0.476,0.347,27.376,0.976,0.543,192,686,30.964,0.372,1.369,0.730,0.857
530,1.065,3.934,78.433,63.639,1.303,1.210,1.279,1.060,31.321,0.864,1.342,846,696,56.310,1.118,1.207,0.829,0.885
531,2.112,6.761,90.528,1.768,1.954,1.768,1.838,1.463,17.145,0.581,2.164,973,37,25.463,1.733,1.257,0.796,0.796
532,2.155,5.786,53.498,1.861,1.861,1.675,1.996,1.375,39.126,0.809,2.122,577,37,37.875,1.445,1.451,0.689,0.905
533,0.770,3.539,12.653,3.722,1.116,1.116,1.364,0.719,44.588,0.773,1.453,136,51,39.806,0.840,1.898,0.527,0.856
534,1.506,5.677,72.013,3.722,1.768,1.489,1.745,1.099,36.433,0.587,2.091,774,53,32.276,1.414,1.587,0.630,0.779
535,0.840,3.408,24.563,8.560,1.210,0.930,1.309,0.817,154.822,0.909,1.342,265,93,146.310,0.898,1.602,0.624,0.911
536,0.225,1.633,75.642,8.746,0.558,0.558,0.569,0.503,45.000,1.000,0.624,815,100,63.435,0.526,1.131,0.884,0.881
537,0.788,3.276,46.520,9.862,0.930,1.116,1.120,0.895,84.782,0.922,1.177,503,106,108.435,0.930,1.252,0.799,0.915
538,1.160,4.261,23.260,10.048,0.930,1.489,1.588,0.930,89.809,0.803,1.590,252,108,110.556,0.930,1.707,0.586,0.915
539,1.298,4.338,63.732,11.537,1.303,1.303,1.505,1.098,56.277,0.867,1.657,686,138,51.843,1.206,1.371,0.730,0.920
540,0.822,3.616,68.664,11.816,1.116,1.210,1.406,0.745,50.025,0.790,1.471,740,140,55.305,0.838,1.888,0.530,0.864
541,0.173,1.479,4.652,13.212,0.465,0.465,0.502,0.439,20.128,0.994,0.596,50,147,38.660,0.465,1.142,0.876,0.909
542,0.390,2.192,33.587,13.677,0.744,0.651,0.743,0.667,12.207,1.000,0.800,361,152,35.538,0.651,1.114,0.898,0.918
543,0.441,2.663,40.007,14.607,1.023,0.744,1.139,0.494,34.171,0.782,1.166,430,164,28.610,0.567,2.308,0.433,0.857
544,0.537,2.641,3.163,15.445,0.837,0.837,0.948,0.721,42.350,0.967,1.006,34,174,33.690,0.789,1.315,0.761,0.912
545,0.035,0.658,32.936,16.282,0.279,0.186,0.254,0.173,0.000,1.000,0.294,354,175,161.565,0.186,1.468,0.681,0.800
546,0.199,1.556,40.286,17.492,0.465,0.558,0.547,0.463,59.957,1.000,0.624,434,194,63.435,0.465,1.182,0.846,0.885
547,1.584,4.647,7.536,18.515,1.489,1.489,1.531,1.318,45.701,0.922,1.628,81,213,30.964,1.382,1.161,0.861,0.927
548,0.658,3.036,27.354,19.818,1.023,0.930,1.014,0.826,16.883,0.897,1.085,295,222,30.964,0.915,1.227,0.815,0.874
549,0.104,1.107,58.429,20.097,0.372,0.372,0.412,0.321,57.933,1.000,0.465,628,219,36.870,0.372,1.281,0.780,0.857
550,0.009,0.263,57.964,20.841,0.093,0.093,0.105,0.105,0.000,1.000,0.132,623,224,135.000,0.093,1.000,1.000,1.000
551,0.095,1.030,57.778,21.027,0.279,0.372,0.408,0.297,74.929,1.000,0.465,621,230,53.130,0.279,1.372,0.729,0.957
552,0.087,1.030,34.611,21.585,0.372,0.279,0.377,0.293,153.435,1.000,0.465,372,232,143.130,0.279,1.288,0.776,0.909
553,0.511,2.586,45.590,21.678,0.837,0.837,0.954,0.682,44.014,0.959,1.006,490,241,33.690,0.724,1.400,0.714,0.908
554,1.956,5.972,43.171,22.702,1.675,1.768,1.756,1.418,63.233,0.689,1.956,470,263,64.654,1.600,1.238,0.808,0.859
555,1.125,3.912,9.397,23.725,1.210,1.210,1.276,1.123,112.277,0.924,1.374,104,255,118.301,1.165,1.137,0.879,0.922
556,1.498,4.547,48.567,23.818,1.396,1.396,1.570,1.215,46.075,0.910,1.677,524,271,56.310,1.316,1.292,0.774,0.935
557,0.615,2.981,42.240,24.656,1.116,0.837,1.104,0.709,158.521,0.869,1.177,454,266,161.565,0.812,1.557,0.642,0.861
558,1.827,5.118,20.190,26.982,1.675,1.675,1.621,1.434,32.781,0.876,1.765,217,302,18.435,1.507,1.131,0.885,0.896
559,0.381,2.346,70.338,27.540,0.744,0.837,0.736,0.659,123.315,0.870,0.858,758,296,102.529,0.734,1.117,0.895,0.822
560,0.822,3.462,41.961,27.726,0.930,1.210,1.329,0.788,59.632,0.862,1.420,452,311,58.392,0.874,1.686,0.593,0.918
561,1.801,6.344,51.544,28.470,1.675,1.954,2.131,1.076,50.515,0.562,2.298,558,327,58.241,1.354,1.981,0.505,0.808
562,0.329,2.214,76.851,28.656,0.837,0.651,0.896,0.467,38.398,0.843,0.958,826,314,29.055,0.526,1.918,0.521,0.854
563,0.649,2.850,90.621,31.354,1.023,0.837,0.996,0.830,8.606,1.000,1.061,974,340,164.745,0.837,1.200,0.834,0.915
564,1.896,5.917,52.847,33.401,2.140,1.489,1.932,1.250,163.680,0.680,2.158,568,366,172.569,1.445,1.546,0.647,0.836
565,2.026,6.312,17.026,34.053,1.768,1.861,1.843,1.399,57.393,0.639,2.091,184,385,57.724,1.677,1.317,0.759,0.821
566,2.415,7.111,36.565,35.076,1.954,2.047,1.996,1.541,42.924,0.600,2.248,399,399,65.556,1.723,1.295,0.772,0.817
567,0.121,1.293,35.076,35.541,0.465,0.372,0.450,0.343,3.563,0.911,0.501,377,383,158.199,0.372,1.310,0.763,0.848
568,0.476,2.663,39.356,36.193,1.023,0.744,0.950,0.638,14.327,0.843,1.061,423,394,15.255,0.736,1.489,0.671,0.833
569,1.212,4.329,30.610,36.658,1.303,1.489,1.633,0.945,58.707,0.813,1.657,329,407,38.157,1.026,1.728,0.579,0.883
570,2.519,8.141,34.053,36.751,2.419,2.233,2.663,1.205,41.078,0.478,2.922,367,416,37.235,1.579,2.210,0.452,0.733
571,1.575,5.545,35.727,38.239,1.675,1.768,2.044,0.982,52.260,0.644,2.091,386,430,57.724,1.163,2.082,0.480,0.800
572,0.078,0.921,62.244,39.263,0.372,0.279,0.365,0.272,20.301,1.000,0.416,669,425,26.565,0.279,1.340,0.746,0.857
573,0.675,3.671,40.658,39.728,1.116,1.210,1.522,0.565,48.475,0.630,1.584,438,440,49.764,0.732,2.694,0.371,0.796
574,0.234,1.765,84.015,40.007,0.651,0.558,0.640,0.465,29.009,0.943,0.750,903,435,29.745,0.526,1.374,0.728,0.831
575,0.009,0.263,11.444,40.286,0.093,0.093,0.105,0.105,0.000,1.000,0.132,123,433,135.000,0.093,1.000,1.000,1.000
576,0.346,2.137,48.939,41.403,0.744,0.651,0.734,0.601,21.816,0.953,0.832,526,451,26.565,0.651,1.222,0.819,0.879
577,1.272,4.229,89.877,42.612,1.210,1.303,1.333,1.215,85.828,0.894,1.453,966,470,39.806,1.210,1.097,0.912,0.925
578,0.467,2.455,5.117,42.984,0.744,0.837,0.838,0.710,56.598,0.975,0.916,57,471,66.038,0.744,1.179,0.848,0.900
579,0.485,2.509,70.710,43.822,0.837,0.744,0.899,0.686,23.823,0.967,0.958,760,477,29.055,0.744,1.311,0.763,0.918
580,3.887,8.481,17.119,47.357,2.512,2.791,3.288,1.505,49.084,0.679,3.407,187,539,55.008,1.700,2.184,0.458,0.887
581,1.567,5.073,78.805,49.404,1.582,1.582,1.810,1.102,48.793,0.765,1.835,850,548,59.534,1.250,1.642,0.609,0.854
582,0.892,3.594,32.285,49.869,1.116,1.116,1.156,0.982,44.262,0.867,1.293,352,548,59.744,1.106,1.177,0.850,0.912
583,1.550,5.359,26.609,51.358,1.675,1.489,1.775,1.111,35.601,0.678,1.835,286,564,30.466,1.250,1.598,0.626,0.867
584,0.173,1.479,38.798,51.730,0.465,0.465,0.525,0.420,45.000,0.994,0.596,417,561,38.660,0.465,1.251,0.799,0.889
585,0.164,1.425,1.396,51.916,0.558,0.372,0.530,0.395,175.768,1.000,0.588,15,559,161.565,0.372,1.343,0.744,0.884
586,0.260,1.742,6.327,52.195,0.558,0.558,0.607,0.544,45.001,1.000,0.671,69,567,56.310,0.558,1.116,0.896,0.923
587,0.156,1.502,17.957,52.661,0.558,0.465,0.579,0.343,37.400,0.868,0.671,193,571,33.690,0.395,1.687,0.593,0.818
588,5.306,10.727,40.565,52.754,3.442,2.977,3.212,2.103,33.958,0.579,3.543,436,586,13.671,2.265,1.527,0.655,0.824
589,2.026,5.709,87.923,53.405,1.489,1.861,1.800,1.433,72.327,0.781,2.013,946,594,56.310,1.489,1.256,0.796,0.888
590,0.069,0.921,40.007,53.684,0.372,0.279,0.376,0.234,19.330,1.000,0.416,430,580,26.565,0.279,1.605,0.623,0.800
591,0.545,2.641,89.877,54.614,0.837,0.837,0.945,0.735,45.001,0.983,1.006,966,594,33.690,0.789,1.287,0.777,0.920
592,1.982,5.808,87.830,56.103,1.768,1.768,1.938,1.302,44.373,0.738,2.109,945,621,41.424,1.410,1.489,0.672,0.871
593,1.454,4.887,53.498,57.313,1.489,1.489,1.635,1.133,39.100,0.765,1.807,575,631,34.509,1.245,1.443,0.693,0.891
594,0.433,2.741,72.850,58.057,0.930,0.930,1.143,0.482,49.913,0.724,1.136,784,634,55.008,0.560,2.372,0.422,0.813
595,0.511,2.586,22.981,58.150,0.744,0.930,0.909,0.715,67.816,0.959,1.006,248,635,56.310,0.744,1.270,0.787,0.901
596,1.264,4.492,54.987,58.243,1.489,1.303,1.767,0.911,34.122,0.787,1.787,592,639,38.660,1.006,1.940,0.516,0.890
597,0.260,1.820,31.354,58.429,0.651,0.558,0.623,0.530,178.575,0.986,0.677,337,631,164.055,0.558,1.176,0.851,0.857
598,1.324,4.492,18.236,58.708,1.303,1.489,1.739,0.970,54.851,0.825,1.807,197,647,55.491,1.069,1.793,0.558,0.903
599,0.061,0.789,26.702,59.266,0.279,0.279,0.351,0.220,45.000,1.000,0.395,287,640,45.000,0.263,1.596,0.626,0.875
600,2.138,6.267,91.830,60.104,2.326,1.303,2.388,1.140,7.920,0.684,2.472,987,659,19.799,1.303,2.095,0.477,0.881
601,0.329,2.115,54.801,60.755,0.651,0.651,0.704,0.595,39.539,0.924,0.800,590,660,54.462,0.647,1.184,0.845,0.884
602,0.216,1.665,52.940,60.848,0.558,0.465,0.631,0.436,34.219,0.981,0.727,569,659,39.806,0.465,1.447,0.691,0.926
603,0.026,0.526,83.550,64.477,0.186,0.186,0.220,0.150,45.000,1.000,0.263,898,695,45.000,0.186,1.464,0.683,0.857
604,0.268,2.137,56.754,0.744,0.558,0.744,0.709,0.482,69.399,0.738,0.795,610,16,69.444,0.558,1.470,0.680,0.785
605,3.238,8.154,2.698,1.582,2.419,2.512,2.642,1.560,44.616,0.612,2.813,34,43,55.784,1.883,1.694,0.590,0.809
606,1.653,5.940,75.921,1.861,1.675,1.768,1.581,1.331,42.332,0.589,2.180,819,39,50.194,1.424,1.188,0.842,0.809
607,0.009,0.263,75.642,3.070,0.093,0.093,0.105,0.105,0.000,1.000,0.132,813,33,135.000,0.093,1.000,1.000,1.000
608,0.320,3.013,75.083,3.629,1.116,0.558,1.009,0.404,2.595,0.443,1.132,807,42,9.462,0.558,2.499,0.400,0.622
609,0.147,2.147,9.304,5.862,0.930,0.279,0.927,0.202,6.121,0.401,0.971,100,66,16.699,0.279,4.586,0.218,0.791
610,0.675,4.306,11.258,6.885,1.116,1.582,1.781,0.483,119.605,0.458,1.936,121,74,125.218,0.654,3.692,0.271,0.732
611,0.087,1.053,25.958,7.071,0.372,0.372,0.354,0.311,78.690,0.982,0.416,280,76,116.565,0.372,1.138,0.879,0.741
612,1.532,4.592,32.657,7.071,1.582,1.396,1.540,1.267,30.949,0.913,1.649,351,88,16.390,1.316,1.216,0.823,0.919
613,2.839,7.365,90.063,7.071,2.419,2.233,2.915,1.240,41.040,0.658,2.848,970,98,38.367,1.372,2.351,0.425,0.861
614,0.424,2.455,24.842,7.164,0.930,0.651,0.864,0.625,0.232,0.885,0.971,267,83,16.699,0.651,1.383,0.723,0.883
615,0.286,1.951,77.316,8.839,0.558,0.744,0.787,0.462,60.194,0.943,0.832,832,103,63.435,0.526,1.702,0.588,0.880
616,1.705,5.468,65.965,9.676,2.047,1.303,2.003,1.084,15.346,0.717,2.080,709,112,10.305,1.290,1.847,0.541,0.862
617,2.034,5.763,6.234,10.420,1.861,1.582,2.072,1.250,36.156,0.770,2.219,67,127,33.024,1.473,1.658,0.603,0.894
618,0.035,0.526,12.095,10.979,0.186,0.186,0.210,0.210,0.000,1.000,0.263,130,118,135.000,0.186,1.000,1.000,1.000
619,1.653,5.314,35.727,11.630,1.582,1.675,1.971,1.068,44.050,0.736,2.066,386,143,54.162,1.216,1.846,0.542,0.864
620,0.009,0.263,49.404,11.723,0.093,0.093,0.105,0.105,0.000,1.000,0.132,531,126,135.000,0.093,1.000,1.000,1.000
621,1.887,5.359,47.357,12.467,1.768,1.675,1.614,1.489,13.987,0.826,1.828,509,137,165.256,1.642,1.084,0.923,0.886
622,0.035,0.526,30.424,13.026,0.186,0.186,0.210,0.210,0.000,1.000,0.263,327,140,135.000,0.186,1.000,1.000,1.000
623,0.450,2.509,44.287,15.072,0.744,0.837,0.968,0.592,59.417,0.898,1.006,477,171,56.310,0.624,1.636,0.611,0.897
624,0.563,3.113,80.945,15.445,1.210,0.837,1.283,0.558,26.975,0.730,1.374,870,174,28.301,0.647,2.299,0.435,0.844
625,0.017,0.395,74.711,17.678,0.186,0.093,0.210,0.105,0.000,1.000,0.208,803,190,153.435,0.093,2.000,0.500,1.000
626,1.307,4.175,81.875,17.678,1.396,1.210,1.519,1.096,33.074,0.942,1.601,880,201,35.538,1.172,1.386,0.722,0.932
627,0.372,2.192,72.757,18.236,0.744,0.651,0.744,0.637,169.609,0.974,0.800,782,197,144.462,0.651,1.169,0.856,0.896
628,0.234,1.742,86.155,19.911,0.558,0.558,0.559,0.532,170.221,0.967,0.658,926,214,135.000,0.558,1.050,0.952,0.885
629,0.450,2.378,74.432,21.492,0.651,0.837,0.865,0.663,71.263,1.000,0.930,801,240,53.130,0.651,1.305,0.766,0.920
630,0.554,2.750,20.097,21.957,0.837,0.837,1.014,0.696,42.614,0.921,1.120,216,245,41.634,0.789,1.458,0.686,0.928
631,0.710,3.036,0.186,23.074,0.930,1.023,0.983,0.919,55.869,0.968,1.061,6,259,74.745,0.930,1.069,0.935,0.901
632,0.312,2.060,15.259,23.167,0.744,0.558,0.815,0.487,28.867,0.923,0.878,164,255,32.005,0.558,1.672,0.598,0.900
633,0.017,0.395,83.457,26.982,0.186,0.093,0.210,0.105,0.000,1.000,0.208,897,290,153.435,0.093,2.000,0.500,1.000
634,0.199,1.742,56.010,29.308,0.558,0.465,0.555,0.457,20.135,0.824,0.658,602,320,45.000,0.465,1.215,0.823,0.852
635,0.632,2.904,77.688,29.680,1.023,0.837,0.989,0.813,14.639,0.942,1.089,835,325,19.983,0.837,1.216,0.822,0.907
636,0.952,3.880,48.009,29.959,1.396,1.116,1.501,0.807,35.642,0.795,1.540,516,332,25.017,0.882,1.859,0.538,0.876
637,1.134,4.306,21.771,30.052,1.675,1.023,1.587,0.910,10.436,0.768,1.698,234,329,9.462,1.023,1.744,0.573,0.897
638,2.112,6.357,40.658,31.168,1.954,2.047,2.489,1.081,45.538,0.657,2.442,438,355,40.365,1.184,2.303,0.434,0.870
639,0.892,3.353,50.242,31.541,1.116,1.023,1.167,0.973,23.215,0.996,1.248,540,348,26.565,1.023,1.200,0.833,0.928
640,0.519,2.850,20.748,32.471,0.930,0.930,1.185,0.558,41.838,0.804,1.252,223,358,41.987,0.592,2.123,0.471,0.889
641,0.381,2.400,42.147,32.657,0.744,0.744,0.873,0.555,48.287,0.831,0.930,453,358,36.870,0.624,1.572,0.636,0.863
642,1.852,6.761,26.702,32.750,2.326,1.861,2.553,0.924,32.541,0.509,2.573,288,371,40.601,1.279,2.763,0.362,0.737
643,1.281,4.492,59.825,33.308,1.303,1.489,1.631,1.000,51.442,0.798,1.807,646,374,55.491,1.118,1.632,0.613,0.911
644,0.545,2.586,88.202,35.541,0.837,0.837,0.873,0.796,41.905,1.000,0.958,948,389,29.055,0.837,1.096,0.912,0.913
645,0.493,2.641,78.898,37.030,0.837,0.837,0.902,0.697,43.709,0.889,0.989,848,405,41.186,0.774,1.294,0.773,0.877
646,0.035,0.526,89.970,38.984,0.186,0.186,0.210,0.210,0.000,1.000,0.263,967,419,135.000,0.186,1.000,1.000,1.000
647,0.035,0.526,90.621,40.286,0.186,0.186,0.210,0.210,0.000,1.000,0.263,974,433,135.000,0.186,1.000,1.000,1.000
648,1.567,4.833,66.989,40.379,1.582,1.489,1.467,1.360,62.879,0.843,1.711,720,447,22.380,1.382,1.078,0.927,0.898
649,0.009,0.263,90.342,41.124,0.093,0.093,0.105,0.105,0.000,1.000,0.132,971,442,135.000,0.093,1.000,1.000,1.000
650,0.563,2.641,24.097,41.868,0.837,0.837,0.915,0.783,38.945,1.000,1.006,259,458,33.690,0.837,1.168,0.856,0.922
651,0.294,1.929,0.837,42.426,0.651,0.558,0.643,0.583,26.565,0.994,0.727,10,462,50.194,0.558,1.104,0.906,0.907
652,1.272,4.492,66.058,42.426,1.675,1.023,1.674,0.968,10.215,0.792,1.748,710,466,25.201,1.023,1.729,0.578,0.902
653,0.762,3.408,8.746,44.194,1.303,0.837,1.248,0.777,7.087,0.824,1.355,94,483,15.945,0.837,1.605,0.623,0.884
654,0.329,2.115,71.641,44.566,0.651,0.651,0.750,0.558,49.860,0.924,0.858,771,486,49.399,0.624,1.344,0.744,0.894
655,2.467,6.870,56.010,45.590,1.954,1.954,1.838,1.709,94.009,0.657,2.252,602,511,51.710,1.875,1.075,0.930,0.823
656,1.021,3.880,86.713,47.823,1.210,1.303,1.420,0.916,55.548,0.853,1.453,933,527,50.194,0.981,1.551,0.645,0.884
657,0.009,0.263,43.357,48.288,0.093,0.093,0.105,0.105,0.000,1.000,0.132,466,519,135.000,0.093,1.000,1.000,1.000
658,0.017,0.395,2.977,49.125,0.186,0.093,0.210,0.105,0.000,1.000,0.208,32,528,153.435,0.093,2.000,0.500,1.000
659,2.787,6.421,33.774,49.218,2.047,1.954,2.030,1.748,44.116,0.850,2.148,363,545,17.650,1.879,1.161,0.861,0.912
660,0.009,0.263,46.985,49.311,0.093,0.093,0.105,0.105,0.000,1.000,0.132,505,530,135.000,0.093,1.000,1.000,1.000
661,1.913,6.158,82.061,50.335,1.675,1.861,2.039,1.195,51.667,0.634,2.196,884,561,53.616,1.447,1.707,0.586,0.819
662,3.194,8.032,60.848,52.009,2.419,2.605,3.186,1.277,52.263,0.622,3.110,657,586,51.072,1.479,2.495,0.401,0.807
663,0.009,0.263,11.630,53.126,0.093,0.093,0.105,0.105,0.000,1.000,0.132,125,571,135.000,0.093,1.000,1.000,1.000
664,1.030,3.671,10.048,53.591,1.210,1.116,1.223,1.073,1.730,0.961,1.296,108,585,21.038,1.116,1.140,0.877,0.919
665,2.060,6.412,51.451,54.056,2.047,2.047,2.644,0.992,39.889,0.630,2.645,555,603,50.711,1.074,2.665,0.375,0.865
666,3.385,7.814,51.916,56.382,2.233,2.605,2.275,1.894,86.243,0.697,2.685,563,634,75.964,2.171,1.201,0.833,0.857
667,4.519,9.588,29.680,58.150,2.884,2.977,3.746,1.536,48.962,0.618,3.950,321,657,46.909,1.709,2.439,0.410,0.865
668,0.554,2.641,86.620,58.336,0.930,0.744,0.928,0.760,14.277,0.998,1.002,931,633,21.801,0.744,1.220,0.820,0.928
669,0.026,0.526,88.946,58.522,0.186,0.186,0.220,0.150,45.000,1.000,0.263,956,631,45.000,0.186,1.464,0.683,0.857
670,0.026,0.635,88.760,58.801,0.093,0.279,0.315,0.105,90.000,0.809,0.294,954,632,108.435,0.093,3.000,0.333,1.000
671,1.982,5.468,76.293,58.894,1.861,1.396,1.840,1.372,164.768,0.833,1.943,820,637,163.301,1.396,1.341,0.746,0.927
672,0.052,0.789,3.163,59.360,0.279,0.279,0.292,0.226,135.000,1.000,0.335,34,638,123.690,0.263,1.291,0.775,0.800
673,2.839,7.079,44.566,59.360,2.140,1.954,2.217,1.630,26.880,0.712,2.383,482,659,51.340,1.764,1.360,0.735,0.860
674,0.009,0.263,78.526,59.546,0.093,0.093,0.105,0.105,0.000,1.000,0.132,844,640,135.000,0.093,1.000,1.000,1.000
675,0.234,1.688,82.340,62.058,0.558,0.558,0.561,0.530,56.477,1.000,0.624,886,667,116.565,0.558,1.059,0.945,0.885
676,1.766,5.599,47.357,62.802,1.861,1.675,2.252,0.998,37.521,0.708,2.271,509,690,34.992,1.147,2.255,0.443,0.870
677,0.260,1.929,28.935,63.081,0.744,0.465,0.753,0.439,22.799,0.877,0.832,311,682,26.565,0.465,1.717,0.582,0.909
678,0.433,2.618,17.678,2.512,0.651,0.837,0.908,0.607,79.694,0.793,1.006,191,36,56.310,0.651,1.497,0.668,0.893
679,0.234,1.688,18.329,4.838,0.558,0.558,0.558,0.533,24.444,1.000,0.624,199,58,63.435,0.558,1.046,0.956,0.885
680,0.796,4.252,93.133,6.978,1.303,1.396,1.787,0.567,49.961,0.554,1.787,1002,90,51.340,0.727,3.149,0.318,0.736
681,0.113,1.162,73.502,8.001,0.372,0.372,0.396,0.362,149.036,1.000,0.465,791,86,126.870,0.372,1.093,0.915,0.897
682,0.113,1.162,37.495,10.141,0.465,0.279,0.499,0.287,14.872,1.000,0.543,403,112,30.964,0.279,1.735,0.576,0.929
683,0.589,3.671,38.705,11.444,1.116,1.210,1.338,0.560,47.849,0.549,1.584,416,136,49.764,0.724,2.390,0.418,0.768
684,0.355,2.115,11.165,12.188,0.651,0.651,0.704,0.642,63.841,0.997,0.800,121,138,54.462,0.651,1.097,0.911,0.921
685,0.571,3.090,4.559,13.119,0.744,1.210,1.207,0.602,78.124,0.752,1.265,50,154,72.897,0.686,2.004,0.499,0.841
686,0.104,1.162,79.270,15.445,0.372,0.372,0.401,0.330,34.722,0.967,0.465,852,170,36.870,0.372,1.218,0.821,0.889
687,0.242,1.742,22.237,15.724,0.558,0.558,0.633,0.488,48.667,1.000,0.727,239,175,50.194,0.526,1.297,0.771,0.903
688,0.693,3.299,29.773,15.910,1.116,1.023,1.132,0.779,147.069,0.800,1.213,321,173,147.529,0.921,1.453,0.688,0.847
689,0.121,1.348,53.963,16.747,0.279,0.558,0.560,0.276,73.826,0.838,0.624,580,186,63.435,0.279,2.030,0.493,0.903
690,0.104,1.348,86.434,16.933,0.279,0.558,0.530,0.250,75.749,0.719,0.588,929,188,71.565,0.279,2.122,0.471,0.828
691,0.537,2.695,74.711,17.771,0.744,0.930,0.930,0.735,77.377,0.928,1.006,803,201,56.310,0.744,1.264,0.791,0.905
692,0.199,1.611,20.469,18.050,0.651,0.372,0.662,0.383,10.882,0.964,0.709,220,197,23.199,0.372,1.726,0.579,0.920
693,1.021,4.043,74.990,18.887,1.582,0.930,1.514,0.859,13.614,0.785,1.649,806,209,16.390,0.930,1.763,0.567,0.901
694,0.026,0.526,3.536,19.259,0.186,0.186,0.220,0.150,45.000,1.000,0.263,38,209,45.000,0.186,1.464,0.683,0.857
695,0.052,0.789,17.678,20.841,0.279,0.279,0.292,0.226,45.000,1.000,0.335,190,227,56.310,0.263,1.291,0.775,0.800
696,0.840,4.252,10.420,27.726,1.489,1.116,1.554,0.688,28.756,0.584,1.664,112,309,26.565,0.937,2.260,0.442,0.755
697,0.441,2.509,22.888,29.773,0.837,0.744,0.902,0.624,28.327,0.881,1.006,246,327,33.690,0.723,1.446,0.692,0.879
698,0.909,3.462,79.084,30.052,1.116,1.023,1.176,0.984,15.682,0.953,1.293,850,332,30.256,1.023,1.195,0.837,0.921
699,0.035,0.526,23.446,30.610,0.186,0.186,0.210,0.210,0.000,1.000,0.263,252,329,135.000,0.186,1.000,1.000,1.000
700,0.788,3.803,69.408,31.354,1.303,1.116,1.462,0.686,41.616,0.685,1.548,746,348,32.735,0.855,2.131,0.469,0.798
701,0.467,2.695,22.050,32.657,1.023,0.651,1.014,0.587,10.999,0.809,1.089,237,356,19.983,0.645,1.727,0.579,0.857
702,0.277,2.028,7.629,33.774,0.651,0.744,0.781,0.451,61.256,0.846,0.832,84,371,63.435,0.526,1.731,0.578,0.821
703,0.995,6.671,88.481,34.890,2.977,0.744,2.559,0.495,6.063,0.281,3.013,951,380,8.881,0.691,5.168,0.193,0.655
704,0.814,3.771,84.759,43.450,1.116,1.396,1.437,0.721,58.711,0.719,1.444,914,482,75.069,0.819,1.993,0.502,0.839
705,0.190,1.502,53.498,44.380,0.558,0.465,0.574,0.422,148.799,1.000,0.624,575,478,153.435,0.461,1.361,0.735,0.880
706,0.095,1.239,26.516,45.497,0.372,0.465,0.477,0.254,52.628,0.780,0.543,286,494,59.036,0.329,1.877,0.533,0.759
707,1.532,5.863,54.335,50.335,1.489,2.047,2.021,0.965,68.488,0.560,2.212,585,563,67.751,1.209,2.093,0.478,0.747
708,0.390,2.564,4.001,51.637,0.930,0.651,1.056,0.470,25.718,0.745,1.136,43,562,34.992,0.553,2.249,0.445,0.857
709,0.563,3.113,22.237,52.288,1.023,1.023,1.276,0.562,43.270,0.730,1.322,239,572,39.289,0.724,2.271,0.440,0.812
710,0.035,0.526,17.212,53.219,0.186,0.186,0.210,0.210,0.000,1.000,0.263,185,572,135.000,0.186,1.000,1.000,1.000
711,0.416,2.432,2.605,55.080,0.558,0.930,0.916,0.577,96.940,0.883,0.971,30,592,106.699,0.558,1.588,0.630,0.923
712,0.156,1.425,67.919,58.150,0.465,0.465,0.482,0.412,60.051,0.965,0.543,730,629,30.964,0.465,1.172,0.854,0.837
713,0.182,1.611,78.526,59.453,0.558,0.465,0.611,0.379,28.637,0.880,0.671,844,644,33.690,0.441,1.610,0.621,0.840
714,0.459,3.068,43.357,61.220,0.837,0.930,0.878,0.665,79.166,0.613,1.136,466,668,55.008,0.812,1.319,0.758,0.741
715,0.052,0.844,35.634,63.453,0.372,0.186,0.371,0.178,18.435,0.916,0.416,383,684,26.565,0.186,2.082,0.480,0.857
